llm,subcategory,metric,mean,std,median,min,max,valid_entries,accuracy,precision,recall,f1_score,mismatch_percentage
grok,absurdist_dread,funniness,1.9823434991974318,1.412396755747113,1.0,1.0,7.0,623,,,,,
grok,absurdist_dread,offensiveness,1.2696629213483146,0.9712065532900352,1.0,1.0,10.0,623,,,,,
grok,absurdist_dread,originality,2.826645264847512,2.1462888364474746,2.0,1.0,9.0,623,,,,,
grok,absurdist_dread,appropriateness,4.491974317817014,0.7155371148189426,4.5,0.5,5.0,623,,,,,
grok,absurdist_dread,clarity,6.401929260450161,3.2727631381746747,7.0,1.0,10.0,622,,,,,
grok,absurdist_dread,confidence,8.389423076923077,0.8426532585456178,8.0,3.0,10.0,624,,,,,
grok,absurdist_dread,performance,,,,,,624,0.11057692307692307,1.0,0.11057692307692307,0.19913419913419914,88.9423076923077
grok,anachronism,funniness,2.5833333333333335,2.0207259421636903,2.0,1.0,7.0,12,,,,,
grok,anachronism,offensiveness,1.25,0.8660254037844386,1.0,1.0,4.0,12,,,,,
grok,anachronism,originality,3.3333333333333335,2.348435972120917,3.0,1.0,7.0,12,,,,,
grok,anachronism,appropriateness,4.625,0.5690901829794961,4.75,3.0,5.0,12,,,,,
grok,anachronism,clarity,7.833333333333333,2.4802248187442912,8.0,1.0,10.0,12,,,,,
grok,anachronism,confidence,8.5,0.5222329678670935,8.5,8.0,9.0,12,,,,,
grok,anachronism,performance,,,,,,12,0.0,0.0,0.0,0.0,100.0
grok,anti-jokes,funniness,2.733491969066032,2.016391815509998,2.0,1.0,7.0,1681,,,,,
grok,anti-jokes,offensiveness,1.7312722948870392,1.7595722868167638,1.0,1.0,9.0,1682,,,,,
grok,anti-jokes,originality,2.9447086801426874,2.238840779342922,2.0,1.0,8.0,1682,,,,,
grok,anti-jokes,appropriateness,4.349583828775268,1.047913626061798,4.5,0.5,5.0,1682,,,,,
grok,anti-jokes,clarity,7.097560975609756,3.0581662728473336,8.0,1.0,10.0,1681,,,,,
grok,anti-jokes,confidence,8.395017793594306,0.8894095495688187,8.0,3.0,10.0,1686,,,,,
grok,anti-jokes,performance,,,,,,1683,0.44385026737967914,1.0,0.44385026737967914,0.6148148148148148,55.61497326203209
grok,authority_mockery,funniness,2.8223684210526314,2.1036139627856225,2.0,1.0,7.0,152,,,,,
grok,authority_mockery,offensiveness,2.6710526315789473,2.2575152366194984,1.0,1.0,9.0,152,,,,,
grok,authority_mockery,originality,3.0723684210526314,2.199042457733978,3.0,1.0,8.0,152,,,,,
grok,authority_mockery,appropriateness,3.924342105263158,1.2851158481304588,4.5,0.5,5.0,152,,,,,
grok,authority_mockery,clarity,7.223684210526316,2.9525998610295456,8.0,1.0,10.0,152,,,,,
grok,authority_mockery,confidence,8.411764705882353,0.6642111641550715,8.0,7.0,10.0,153,,,,,
grok,authority_mockery,performance,,,,,,153,0.3137254901960784,1.0,0.3137254901960784,0.47761194029850745,68.62745098039215
grok,british_class_humor,funniness,2.911808669656203,2.107797297741848,2.0,1.0,7.0,669,,,,,
grok,british_class_humor,offensiveness,1.482089552238806,1.2795301563335324,1.0,1.0,10.0,670,,,,,
grok,british_class_humor,originality,3.064179104477612,2.112048254741106,3.0,1.0,8.0,670,,,,,
grok,british_class_humor,appropriateness,4.455223880597015,0.7976579285810848,4.5,0.5,5.0,670,,,,,
grok,british_class_humor,clarity,7.259370314842578,2.91215969297285,8.0,1.0,10.0,667,,,,,
grok,british_class_humor,confidence,8.293413173652695,0.75298111057025,8.0,1.0,10.0,1503,,,,,
grok,british_class_humor,performance,,,,,,1509,0.2982107355864811,1.0,0.2982107355864811,0.45941807044410415,70.17892644135189
grok,contextual_sarcasm,funniness,3.0342205323193916,2.2654827900009646,2.0,1.0,7.0,263,,,,,
grok,contextual_sarcasm,offensiveness,1.9695817490494296,1.7881679118267966,1.0,1.0,9.0,263,,,,,
grok,contextual_sarcasm,originality,3.2395437262357416,2.4212077811009785,2.0,1.0,8.0,263,,,,,
grok,contextual_sarcasm,appropriateness,4.192015209125476,1.1061128414806558,4.5,0.5,5.0,263,,,,,
grok,contextual_sarcasm,clarity,6.893536121673004,3.148378360851751,8.0,1.0,10.0,263,,,,,
grok,contextual_sarcasm,confidence,8.402298850574713,0.634758041999697,8.0,7.0,10.0,261,,,,,
grok,contextual_sarcasm,performance,,,,,,261,0.4827586206896552,1.0,0.4827586206896552,0.6511627906976745,51.72413793103448
grok,cringe_comedy,funniness,2.2142857142857144,1.7604837789336492,1.0,1.0,7.0,42,,,,,
grok,cringe_comedy,offensiveness,2.5238095238095237,2.5967906575100494,1.0,1.0,10.0,42,,,,,
grok,cringe_comedy,originality,2.3333333333333335,1.677202471403289,1.5,1.0,7.0,42,,,,,
grok,cringe_comedy,appropriateness,3.9404761904761907,1.5309903575885238,4.75,0.5,5.0,42,,,,,
grok,cringe_comedy,clarity,5.619047619047619,3.554127665277621,6.0,1.0,10.0,42,,,,,
grok,cringe_comedy,confidence,7.785714285714286,1.760483778933649,8.0,3.0,10.0,42,,,,,
grok,cringe_comedy,performance,,,,,,42,0.2857142857142857,1.0,0.2857142857142857,0.4444444444444444,71.42857142857143
grok,double_entendres,funniness,3.333835341365462,2.4452826177887603,2.0,1.0,8.0,1992,,,,,
grok,double_entendres,offensiveness,2.9493480441323974,2.696551862665884,1.0,1.0,10.0,1994,,,,,
grok,double_entendres,originality,3.5581745235707123,2.594887844952163,3.0,1.0,9.0,1994,,,,,
grok,double_entendres,appropriateness,3.705616850551655,1.54619405373914,4.5,0.5,5.0,1994,,,,,
grok,double_entendres,clarity,7.280481685900653,3.040903442032619,8.0,1.0,10.0,1993,,,,,
grok,double_entendres,confidence,8.714501510574019,0.6400261158460422,9.0,2.0,10.0,1986,,,,,
grok,double_entendres,performance,,,,,,1995,0.49473684210526314,1.0,0.49473684210526314,0.6619718309859155,50.526315789473685
grok,emoji_absurdism,funniness,2.1925,1.5679658466051325,1.0,1.0,7.0,800,,,,,
grok,emoji_absurdism,offensiveness,2.1325,2.341323556237741,1.0,1.0,10.0,800,,,,,
grok,emoji_absurdism,originality,2.76625,2.1435611737554963,1.0,1.0,9.0,800,,,,,
grok,emoji_absurdism,appropriateness,4.09375,1.3494395768111778,4.5,0.5,5.0,800,,,,,
grok,emoji_absurdism,clarity,6.10625,3.3565673116514523,6.0,1.0,10.0,800,,,,,
grok,emoji_absurdism,confidence,8.293233082706767,1.0646501175651033,8.0,3.0,10.0,798,,,,,
grok,emoji_absurdism,performance,,,,,,804,0.2537313432835821,1.0,0.2537313432835821,0.40476190476190477,74.62686567164178
grok,ethical_edge_cases,funniness,2.580722891566265,1.9542695723048296,2.0,1.0,8.0,830,,,,,
grok,ethical_edge_cases,offensiveness,1.9879518072289157,1.7681949244353412,1.0,1.0,9.0,830,,,,,
grok,ethical_edge_cases,originality,3.378313253012048,2.52829813945494,3.0,1.0,9.0,830,,,,,
grok,ethical_edge_cases,appropriateness,4.021686746987951,1.2341196999158577,4.5,0.5,5.0,830,,,,,
grok,ethical_edge_cases,clarity,6.46144578313253,3.2171633852446093,7.0,1.0,10.0,830,,,,,
grok,ethical_edge_cases,confidence,8.321299638989169,0.9738836651473489,8.0,3.0,10.0,831,,,,,
grok,ethical_edge_cases,performance,,,,,,834,0.25539568345323743,1.0,0.25539568345323743,0.4068767908309456,74.46043165467626
grok,future_shock,funniness,3.0,1.8973665961010275,3.0,1.0,5.0,6,,,,,
grok,future_shock,offensiveness,2.0,1.0954451150103321,2.0,1.0,3.0,6,,,,,
grok,future_shock,originality,3.1666666666666665,1.7224014243685084,4.0,1.0,5.0,6,,,,,
grok,future_shock,appropriateness,4.0,1.0,4.0,2.5,5.0,6,,,,,
grok,future_shock,clarity,6.666666666666667,3.011090610836324,6.0,2.0,10.0,6,,,,,
grok,future_shock,confidence,6.5,1.6431676725154984,6.5,5.0,8.0,6,,,,,
grok,future_shock,performance,,,,,,6,0.5,1.0,0.5,0.6666666666666666,50.0
grok,gallows_humor,funniness,2.7929125138427464,2.1379760123680165,2.0,1.0,8.0,1806,,,,,
grok,gallows_humor,offensiveness,3.7679955703211516,3.2219632479548093,1.0,1.0,10.0,1806,,,,,
grok,gallows_humor,originality,3.238095238095238,2.414822538700878,3.0,1.0,9.0,1806,,,,,
grok,gallows_humor,appropriateness,3.354651162790698,1.7831305426089243,4.5,0.5,5.0,1806,,,,,
grok,gallows_humor,clarity,7.161772853185596,3.038442017373929,8.0,1.0,10.0,1805,,,,,
grok,gallows_humor,confidence,8.641541038525963,0.635921601371926,9.0,5.0,10.0,1791,,,,,
grok,gallows_humor,performance,,,,,,1800,0.495,1.0,0.495,0.6622073578595318,50.5
grok,historical_satire,funniness,4.166666666666667,2.5625508125043424,5.0,1.0,7.0,6,,,,,
grok,historical_satire,offensiveness,2.1666666666666665,0.983192080250175,2.5,1.0,3.0,6,,,,,
grok,historical_satire,originality,4.333333333333333,2.732520204255893,4.0,1.0,8.0,6,,,,,
grok,historical_satire,appropriateness,3.9166666666666665,0.7359800721939873,3.75,3.0,5.0,6,,,,,
grok,historical_satire,clarity,8.0,1.6733200530681511,8.5,6.0,10.0,6,,,,,
grok,historical_satire,confidence,8.5,0.5477225575051661,8.5,8.0,9.0,6,,,,,
grok,historical_satire,performance,,,,,,6,0.5,1.0,0.5,0.6666666666666666,50.0
grok,homophonic,funniness,3.14206268958544,2.2529787379916466,3.0,1.0,8.0,1978,,,,,
grok,homophonic,offensiveness,1.6627906976744187,1.579791672196414,1.0,1.0,10.0,1978,,,,,
grok,homophonic,originality,3.98685540950455,2.9096718558757844,4.0,1.0,9.0,1978,,,,,
grok,homophonic,appropriateness,4.317997977755309,0.9785197475286052,4.5,0.5,5.0,1978,,,,,
grok,homophonic,clarity,6.0813953488372094,3.243287714528194,5.0,1.0,10.0,1978,,,,,
grok,homophonic,confidence,8.385432473444613,0.8765675534300356,8.0,3.0,10.0,1977,,,,,
grok,homophonic,performance,,,,,,1977,0.5098634294385432,1.0,0.5098634294385432,0.6753768844221105,49.013657056145675
grok,malapropisms,funniness,3.323906083244397,2.3834709564074243,3.0,1.0,9.0,1874,,,,,
grok,malapropisms,offensiveness,1.5538954108858059,1.408739513661815,1.0,1.0,10.0,1874,,,,,
grok,malapropisms,originality,3.728922091782284,2.7973265803496172,3.0,1.0,9.0,1874,,,,,
grok,malapropisms,appropriateness,4.436232657417289,0.8568463647420611,4.5,0.5,5.0,1874,,,,,
grok,malapropisms,clarity,7.0144076840981855,3.054987344251051,8.0,1.0,10.0,1874,,,,,
grok,malapropisms,confidence,8.375201288244767,0.7861360110580963,8.0,3.0,10.0,1863,,,,,
grok,malapropisms,performance,,,,,,1869,0.492776886035313,1.0,0.492776886035313,0.6602150537634408,50.7223113964687
grok,misdirection,funniness,3.6666666666666665,2.160246899469287,4.5,1.0,6.0,6,,,,,
grok,misdirection,offensiveness,2.6666666666666665,2.3380903889000244,2.0,1.0,7.0,6,,,,,
grok,misdirection,originality,3.3333333333333335,2.250925735484551,3.5,1.0,7.0,6,,,,,
grok,misdirection,appropriateness,3.8333333333333335,1.3291601358251257,4.0,1.5,5.0,6,,,,,
grok,misdirection,clarity,7.666666666666667,1.96638416050035,7.0,6.0,10.0,6,,,,,
grok,misdirection,confidence,8.0,0.0,8.0,8.0,8.0,6,,,,,
grok,misdirection,performance,,,,,,6,0.5,1.0,0.5,0.6666666666666666,50.0
grok,misfortune,funniness,2.6666666666666665,2.081665999466133,2.0,1.0,5.0,3,,,,,
grok,misfortune,offensiveness,1.6666666666666667,1.1547005383792517,1.0,1.0,3.0,3,,,,,
grok,misfortune,originality,2.6666666666666665,1.5275252316519465,3.0,1.0,4.0,3,,,,,
grok,misfortune,appropriateness,4.333333333333333,0.7637626158259734,4.5,3.5,5.0,3,,,,,
grok,misfortune,clarity,8.0,2.0,8.0,6.0,10.0,3,,,,,
grok,misfortune,confidence,9.0,0.0,9.0,9.0,9.0,3,,,,,
grok,misfortune,performance,,,,,,3,0.0,0.0,0.0,0.0,100.0
grok,paraprosdokians,funniness,3.476761619190405,2.5759628700053456,2.0,1.0,9.0,2001,,,,,
grok,paraprosdokians,offensiveness,1.5072463768115942,1.373707561225502,1.0,1.0,10.0,2001,,,,,
grok,paraprosdokians,originality,3.8010994502748625,2.801859880615856,3.0,1.0,9.0,2001,,,,,
grok,paraprosdokians,appropriateness,4.466016991504248,0.848878423398277,4.5,0.5,5.0,2001,,,,,
grok,paraprosdokians,clarity,7.379310344827586,2.999258529059796,8.0,1.0,10.0,2001,,,,,
grok,paraprosdokians,confidence,8.723981900452488,0.6197073948287537,9.0,1.0,10.0,1989,,,,,
grok,paraprosdokians,performance,,,,,,2001,0.5007496251874063,1.0,0.5007496251874063,0.6673326673326674,49.92503748125937
grok,pop_culture_parody,funniness,2.0,2.0,1.0,1.0,6.0,6,,,,,
grok,pop_culture_parody,offensiveness,1.1666666666666667,0.408248290463863,1.0,1.0,2.0,6,,,,,
grok,pop_culture_parody,originality,2.5,2.345207879911715,1.5,1.0,7.0,6,,,,,
grok,pop_culture_parody,appropriateness,4.583333333333333,0.49159604012508756,4.75,4.0,5.0,6,,,,,
grok,pop_culture_parody,clarity,8.5,1.760681686165901,9.0,6.0,10.0,6,,,,,
grok,pop_culture_parody,confidence,8.5,0.5477225575051661,8.5,8.0,9.0,6,,,,,
grok,pop_culture_parody,performance,,,,,,6,0.0,0.0,0.0,0.0,100.0
grok,programming,funniness,3.32183908045977,2.470732180688048,3.0,1.0,7.0,87,,,,,
grok,programming,offensiveness,1.1954022988505748,0.5874477801585928,1.0,1.0,5.0,87,,,,,
grok,programming,originality,3.8735632183908044,2.884620799314996,3.0,1.0,8.0,87,,,,,
grok,programming,appropriateness,4.586206896551724,0.5613879009212094,4.5,2.5,5.0,87,,,,,
grok,programming,clarity,6.758620689655173,3.2527824126765883,8.0,1.0,10.0,87,,,,,
grok,programming,confidence,8.689655172413794,0.703981118067117,9.0,8.0,10.0,87,,,,,
grok,programming,performance,,,,,,87,0.3793103448275862,1.0,0.3793103448275862,0.55,62.06896551724138
grok,puns,funniness,3.6138069034517257,2.58565563828832,3.0,1.0,7.0,1999,,,,,
grok,puns,offensiveness,1.3305,1.032861632347619,1.0,1.0,10.0,2000,,,,,
grok,puns,originality,3.859,2.805004995808966,4.0,1.0,8.0,2000,,,,,
grok,puns,appropriateness,4.56225,0.6774802042964848,4.5,0.5,5.0,2000,,,,,
grok,puns,clarity,7.3755,3.0346506062726686,8.0,1.0,10.0,2000,,,,,
grok,puns,confidence,8.729323308270677,0.6843407484675467,9.0,1.0,10.0,1995,,,,,
grok,puns,performance,,,,,,2001,0.512743628185907,1.0,0.512743628185907,0.6778989098116948,48.7256371814093
grok,recursive_meta-humor,funniness,2.888888888888889,2.204792759220492,2.0,1.0,6.0,9,,,,,
grok,recursive_meta-humor,offensiveness,2.0,2.345207879911715,1.0,1.0,8.0,9,,,,,
grok,recursive_meta-humor,originality,2.5555555555555554,2.242270674512285,1.0,1.0,7.0,9,,,,,
grok,recursive_meta-humor,appropriateness,4.166666666666667,1.299038105676658,4.5,1.0,5.0,9,,,,,
grok,recursive_meta-humor,clarity,6.444444444444445,3.5039660069381067,8.0,1.0,10.0,9,,,,,
grok,recursive_meta-humor,confidence,8.0,0.0,8.0,8.0,8.0,9,,,,,
grok,recursive_meta-humor,performance,,,,,,9,0.6666666666666666,1.0,0.6666666666666666,0.8,33.333333333333336
grok,religious,funniness,2.185185185185185,1.9432910625376334,1.0,1.0,8.0,54,,,,,
grok,religious,offensiveness,2.425925925925926,2.4386963100235977,1.0,1.0,9.0,54,,,,,
grok,religious,originality,2.5925925925925926,2.2022160238707627,1.0,1.0,9.0,54,,,,,
grok,religious,appropriateness,3.9166666666666665,1.4913271283570162,4.5,0.5,5.0,54,,,,,
grok,religious,clarity,7.611111111111111,2.7909332088211336,8.0,1.0,10.0,54,,,,,
grok,religious,confidence,8.055555555555555,1.323469805867903,8.0,3.0,9.0,54,,,,,
grok,religious,performance,,,,,,54,0.05555555555555555,1.0,0.05555555555555555,0.10526315789473684,94.44444444444444
grok,rule-of-three_violations,funniness,2.0952380952380953,1.5287237608529336,2.0,1.0,7.0,105,,,,,
grok,rule-of-three_violations,offensiveness,1.1333333333333333,0.7476458780561551,1.0,1.0,8.0,105,,,,,
grok,rule-of-three_violations,originality,3.142857142857143,2.359223191208086,3.0,1.0,8.0,105,,,,,
grok,rule-of-three_violations,appropriateness,4.623809523809523,0.5224799976892397,4.5,1.0,5.0,105,,,,,
grok,rule-of-three_violations,clarity,6.876190476190477,3.136924136840584,8.0,1.0,10.0,105,,,,,
grok,rule-of-three_violations,confidence,8.6,0.6445033866354896,9.0,8.0,10.0,105,,,,,
grok,rule-of-three_violations,performance,,,,,,105,0.11428571428571428,1.0,0.11428571428571428,0.20512820512820512,88.57142857142857
grok,science_puns,funniness,3.1203703703703702,2.220202872740063,2.5,1.0,7.0,108,,,,,
grok,science_puns,offensiveness,1.3148148148148149,1.0470086285173035,1.0,1.0,9.0,108,,,,,
grok,science_puns,originality,3.787037037037037,2.6652871561585374,3.5,1.0,8.0,108,,,,,
grok,science_puns,appropriateness,4.5092592592592595,0.6338632531904974,4.5,1.0,5.0,108,,,,,
grok,science_puns,clarity,6.435185185185185,3.106439342067811,7.0,1.0,10.0,108,,,,,
grok,science_puns,confidence,8.222222222222221,1.0077580681828051,8.0,3.0,9.0,108,,,,,
grok,science_puns,performance,,,,,,108,0.6388888888888888,1.0,0.6388888888888888,0.7796610169491526,36.111111111111114
grok,surreal,funniness,3.020489755122439,2.323376844168847,2.0,1.0,8.0,2001,,,,,
grok,surreal,offensiveness,1.4252873563218391,1.2359369845930892,1.0,1.0,10.0,2001,,,,,
grok,surreal,originality,3.75912043978011,2.9008529824841185,3.0,1.0,9.0,2001,,,,,
grok,surreal,appropriateness,4.4187906046976515,0.8485438919889084,4.5,0.5,5.0,2001,,,,,
grok,surreal,clarity,6.490754622688656,3.23203333526433,7.0,1.0,10.0,2001,,,,,
grok,surreal,confidence,8.292609351432882,0.9989182674087047,8.0,2.0,10.0,1989,,,,,
grok,surreal,performance,,,,,,1995,0.3804511278195489,1.0,0.3804511278195489,0.55119825708061,61.954887218045116
grok,terminal_illness,funniness,2.323943661971831,1.8127534140658188,1.0,1.0,7.0,213,,,,,
grok,terminal_illness,offensiveness,4.295774647887324,3.6370513385904952,1.0,1.0,10.0,213,,,,,
grok,terminal_illness,originality,2.9530516431924885,2.1473222864855157,3.0,1.0,8.0,213,,,,,
grok,terminal_illness,appropriateness,3.1173708920187795,1.9703769964188715,4.5,0.5,5.0,213,,,,,
grok,terminal_illness,clarity,6.953051643192488,3.066503845134726,8.0,1.0,10.0,213,,,,,
grok,terminal_illness,confidence,8.71830985915493,0.5625858070791218,9.0,8.0,10.0,213,,,,,
grok,terminal_illness,performance,,,,,,213,0.5070422535211268,1.0,0.5070422535211268,0.6728971962616822,49.29577464788733
grok,all_subcategories,funniness,3.050243195694919,2.3014502864066055,2.0,1.0,9.0,19326,,,,,
grok,all_subcategories,offensiveness,1.965495835704309,2.061195009997911,1.0,1.0,10.0,19331,,,,,
grok,all_subcategories,originality,3.5104236718224615,2.648903858550388,3.0,1.0,9.0,19331,,,,,
grok,all_subcategories,appropriateness,4.202214060317624,1.1930681241218255,4.5,0.5,5.0,19331,,,,,
grok,all_subcategories,clarity,6.909749534257918,3.1395842472120608,8.0,1.0,10.0,19324,,,,,
grok,all_subcategories,confidence,8.488733024921654,0.8220786178415572,9.0,1.0,10.0,20103,,,,,
grok,mixed,funniness,3.050243195694919,2.3014502864066055,2.0,1.0,9.0,19326,,,,,
grok,mixed,offensiveness,1.965495835704309,2.061195009997911,1.0,1.0,10.0,19331,,,,,
grok,mixed,originality,3.5104236718224615,2.648903858550388,3.0,1.0,9.0,19331,,,,,
grok,mixed,appropriateness,4.202214060317624,1.1930681241218255,4.5,0.5,5.0,19331,,,,,
grok,mixed,clarity,6.909749534257918,3.1395842472120608,8.0,1.0,10.0,19324,,,,,
grok,mixed,confidence,8.488733024921654,0.8220786178415572,9.0,1.0,10.0,20103,,,,,
grok,all_subcategories,performance,,,,,,20163,0.4316321975896444,1.0,0.4316321975896444,0.6029931407191852,56.836780241035555
grok,mixed,performance,,,,,,20163,0.4316321975896444,1.0,0.4316321975896444,0.6029931407191852,56.836780241035555
deepseek,absurdist_dread,funniness,2.5,1.6904688726763548,2.0,1.0,7.0,528,,,,,
deepseek,absurdist_dread,offensiveness,1.3806818181818181,1.0440787724154017,1.0,1.0,10.0,528,,,,,
deepseek,absurdist_dread,originality,3.8295454545454546,2.264593864635336,3.0,1.0,8.0,528,,,,,
deepseek,absurdist_dread,appropriateness,4.5710227272727275,0.7539732172867394,5.0,0.5,5.0,528,,,,,
deepseek,absurdist_dread,clarity,8.131428571428572,1.546932095952327,8.0,2.0,10.0,525,,,,,
deepseek,absurdist_dread,confidence,4.640776699029126,3.105454089305652,3.0,1.0,10.0,618,,,,,
deepseek,absurdist_dread,performance,,,,,,615,0.004878048780487805,1.0,0.004878048780487805,0.009708737864077669,99.51219512195122
deepseek,anachronism,funniness,2.0,1.2792042981336627,1.5,1.0,4.0,12,,,,,
deepseek,anachronism,offensiveness,1.25,0.45226701686664544,1.0,1.0,2.0,12,,,,,
deepseek,anachronism,originality,3.25,2.0056737702645644,3.0,1.0,6.0,12,,,,,
deepseek,anachronism,appropriateness,4.625,0.6784005252999681,5.0,3.5,5.0,12,,,,,
deepseek,anachronism,clarity,9.0,1.044465935734187,9.0,8.0,10.0,12,,,,,
deepseek,anachronism,confidence,3.25,2.9886147596868655,2.0,1.0,8.0,12,,,,,
deepseek,anachronism,performance,,,,,,12,0.0,0.0,0.0,0.0,100.0
deepseek,anti-jokes,funniness,3.2563106796116505,2.1505061717203637,2.0,1.0,7.0,1545,,,,,
deepseek,anti-jokes,offensiveness,1.89126213592233,1.8607153686642293,1.0,1.0,10.0,1545,,,,,
deepseek,anti-jokes,originality,3.819417475728155,2.3141569089639966,3.0,1.0,8.0,1545,,,,,
deepseek,anti-jokes,appropriateness,4.370873786407767,1.162616454802232,5.0,0.5,5.0,1545,,,,,
deepseek,anti-jokes,clarity,8.560311284046692,1.1728850518956209,9.0,3.0,10.0,1542,,,,,
deepseek,anti-jokes,confidence,5.24007561436673,3.2986614266083167,8.0,1.0,10.0,1587,,,,,
deepseek,anti-jokes,performance,,,,,,1575,0.17904761904761904,1.0,0.17904761904761904,0.3037156704361874,82.0952380952381
deepseek,authority_mockery,funniness,3.760869565217391,2.3227040239476455,3.5,1.0,7.0,138,,,,,
deepseek,authority_mockery,offensiveness,2.717391304347826,1.9141773420605888,2.5,1.0,8.0,138,,,,,
deepseek,authority_mockery,originality,3.847826086956522,1.8946801201930232,4.0,1.0,8.0,138,,,,,
deepseek,authority_mockery,appropriateness,3.858695652173913,1.2052033332925605,4.0,1.0,5.0,138,,,,,
deepseek,authority_mockery,clarity,8.369565217391305,1.0114388605883928,8.0,6.0,10.0,138,,,,,
deepseek,authority_mockery,confidence,5.137254901960785,3.1162959277959343,5.0,1.0,9.0,153,,,,,
deepseek,authority_mockery,performance,,,,,,153,0.17647058823529413,1.0,0.17647058823529413,0.3,82.35294117647058
deepseek,british_class_humor,funniness,3.533916849015317,2.2625437635838037,3.0,1.0,8.0,1371,,,,,
deepseek,british_class_humor,offensiveness,1.5536105032822758,1.2371410496175141,1.0,1.0,10.0,1371,,,,,
deepseek,british_class_humor,originality,3.8205689277899344,1.9515780543863164,4.0,1.0,9.0,1371,,,,,
deepseek,british_class_humor,appropriateness,4.50109409190372,0.797234434589347,5.0,0.5,5.0,1371,,,,,
deepseek,british_class_humor,clarity,8.414473684210526,1.0791613358404557,8.0,3.0,10.0,1368,,,,,
deepseek,british_class_humor,confidence,5.175983436853002,3.077736421526128,6.0,1.0,10.0,1449,,,,,
deepseek,british_class_humor,performance,,,,,,1437,0.12943632567849686,1.0,0.12943632567849686,0.22920517560073936,87.05636743215031
deepseek,contextual_sarcasm,funniness,4.025,2.4442315320825845,5.0,1.0,7.0,240,,,,,
deepseek,contextual_sarcasm,offensiveness,2.075,1.475957954294494,1.0,1.0,7.0,240,,,,,
deepseek,contextual_sarcasm,originality,4.4,2.282918194147909,5.0,1.0,8.0,240,,,,,
deepseek,contextual_sarcasm,appropriateness,4.10625,1.1526586059734627,4.5,1.0,5.0,240,,,,,
deepseek,contextual_sarcasm,clarity,8.45,1.1739858081869081,9.0,4.0,10.0,240,,,,,
deepseek,contextual_sarcasm,confidence,5.264367816091954,3.0889123183322678,8.0,1.0,10.0,261,,,,,
deepseek,contextual_sarcasm,performance,,,,,,255,0.24705882352941178,1.0,0.24705882352941178,0.39622641509433965,75.29411764705883
deepseek,cringe_comedy,funniness,3.3846153846153846,1.9278483317635235,3.0,1.0,7.0,39,,,,,
deepseek,cringe_comedy,offensiveness,3.0,2.5443435716361726,2.0,1.0,8.0,39,,,,,
deepseek,cringe_comedy,originality,3.6153846153846154,2.00808084099411,3.0,1.0,8.0,39,,,,,
deepseek,cringe_comedy,appropriateness,3.8076923076923075,1.3259325646472007,4.0,1.0,5.0,39,,,,,
deepseek,cringe_comedy,clarity,8.416666666666666,1.2733532783279633,8.5,6.0,10.0,36,,,,,
deepseek,cringe_comedy,confidence,4.5,2.932159780027302,4.0,1.0,8.0,42,,,,,
deepseek,cringe_comedy,performance,,,,,,39,0.07692307692307693,1.0,0.07692307692307693,0.14285714285714285,92.3076923076923
deepseek,double_entendres,funniness,3.8943894389438944,2.447210712408839,4.0,1.0,8.0,1818,,,,,
deepseek,double_entendres,offensiveness,2.953795379537954,2.5937691322546588,1.0,1.0,9.0,1818,,,,,
deepseek,double_entendres,originality,4.435643564356436,2.382860545481591,5.0,1.0,8.0,1818,,,,,
deepseek,double_entendres,appropriateness,3.707095709570957,1.5350927943832526,4.75,0.5,5.0,1818,,,,,
deepseek,double_entendres,clarity,8.461920529801324,1.1087654664089197,8.0,2.0,10.0,1812,,,,,
deepseek,double_entendres,confidence,5.723404255319149,3.2384128307493154,8.0,1.0,10.0,1833,,,,,
deepseek,double_entendres,performance,,,,,,1782,0.29797979797979796,1.0,0.29797979797979796,0.4591439688715953,70.2020202020202
deepseek,emoji_absurdism,funniness,2.568548387096774,1.672557391080405,2.0,1.0,7.0,744,,,,,
deepseek,emoji_absurdism,offensiveness,2.161290322580645,2.354985308349964,1.0,1.0,10.0,744,,,,,
deepseek,emoji_absurdism,originality,3.4798387096774195,2.039217641076731,3.0,1.0,8.0,744,,,,,
deepseek,emoji_absurdism,appropriateness,4.157258064516129,1.3567045054133566,5.0,0.5,5.0,744,,,,,
deepseek,emoji_absurdism,clarity,7.8983739837398375,1.6470762916213948,8.0,2.0,10.0,738,,,,,
deepseek,emoji_absurdism,confidence,4.4638783269961975,3.1288368389662513,3.0,1.0,10.0,789,,,,,
deepseek,emoji_absurdism,performance,,,,,,774,0.003875968992248062,1.0,0.003875968992248062,0.007722007722007722,99.6124031007752
deepseek,ethical_edge_cases,funniness,3.3088803088803087,2.1442408858696256,3.0,1.0,7.0,777,,,,,
deepseek,ethical_edge_cases,offensiveness,2.1544401544401546,1.8018701558635486,1.0,1.0,9.0,777,,,,,
deepseek,ethical_edge_cases,originality,4.355212355212355,2.5020510632571273,4.0,1.0,9.0,777,,,,,
deepseek,ethical_edge_cases,appropriateness,4.065637065637065,1.190140179331586,4.5,1.0,5.0,777,,,,,
deepseek,ethical_edge_cases,clarity,8.046332046332047,1.5349586306642193,8.0,2.0,10.0,777,,,,,
deepseek,ethical_edge_cases,confidence,5.25830258302583,3.127770979854412,8.0,1.0,10.0,813,,,,,
deepseek,ethical_edge_cases,performance,,,,,,783,0.04980842911877394,1.0,0.04980842911877394,0.0948905109489051,95.01915708812261
deepseek,future_shock,funniness,6.0,0.0,6.0,6.0,6.0,3,,,,,
deepseek,future_shock,offensiveness,1.0,0.0,1.0,1.0,1.0,3,,,,,
deepseek,future_shock,originality,5.0,0.0,5.0,5.0,5.0,3,,,,,
deepseek,future_shock,appropriateness,4.5,0.0,4.5,4.5,4.5,3,,,,,
deepseek,future_shock,clarity,8.0,0.0,8.0,8.0,8.0,3,,,,,
deepseek,future_shock,confidence,3.0,2.1908902300206643,3.0,1.0,5.0,6,,,,,
deepseek,future_shock,performance,,,,,,6,0.0,0.0,0.0,0.0,100.0
deepseek,gallows_humor,funniness,3.493601462522852,2.3467911168122906,2.0,1.0,8.0,1641,,,,,
deepseek,gallows_humor,offensiveness,3.787934186471664,3.1514805944395965,2.0,1.0,10.0,1641,,,,,
deepseek,gallows_humor,originality,4.148080438756856,2.3947371734933727,4.0,1.0,9.0,1641,,,,,
deepseek,gallows_humor,appropriateness,3.403107861060329,1.6786126221704987,4.0,0.5,5.0,1641,,,,,
deepseek,gallows_humor,clarity,8.5,1.129917705410716,8.0,4.0,10.0,1620,,,,,
deepseek,gallows_humor,confidence,5.790441176470588,3.324318260333367,8.0,1.0,10.0,1632,,,,,
deepseek,gallows_humor,performance,,,,,,1575,0.22095238095238096,1.0,0.22095238095238096,0.3619344773790952,77.9047619047619
deepseek,historical_satire,funniness,4.0,2.1908902300206643,4.0,2.0,6.0,6,,,,,
deepseek,historical_satire,offensiveness,1.5,0.5477225575051661,1.5,1.0,2.0,6,,,,,
deepseek,historical_satire,originality,5.5,1.6431676725154984,5.5,4.0,7.0,6,,,,,
deepseek,historical_satire,appropriateness,3.5,1.0954451150103321,3.5,2.5,4.5,6,,,,,
deepseek,historical_satire,clarity,8.0,0.0,8.0,8.0,8.0,6,,,,,
deepseek,historical_satire,confidence,5.5,2.7386127875258306,5.5,3.0,8.0,6,,,,,
deepseek,historical_satire,performance,,,,,,6,0.0,0.0,0.0,0.0,100.0
deepseek,homophonic,funniness,3.6372881355932205,2.2721977048366213,3.0,1.0,8.0,1770,,,,,
deepseek,homophonic,offensiveness,1.8883248730964468,1.718622001164158,1.0,1.0,9.0,1773,,,,,
deepseek,homophonic,originality,4.913705583756345,2.804764262849025,6.0,1.0,9.0,1773,,,,,
deepseek,homophonic,appropriateness,4.222504230118443,1.1331930359252367,4.5,1.0,5.0,1773,,,,,
deepseek,homophonic,clarity,7.26360544217687,2.1018350124098246,8.0,2.0,10.0,1764,,,,,
deepseek,homophonic,confidence,4.720338983050848,3.171966647346227,3.0,1.0,10.0,1770,,,,,
deepseek,homophonic,performance,,,,,,1593,0.09792843691148775,1.0,0.09792843691148775,0.1783876500857633,90.20715630885122
deepseek,malapropisms,funniness,3.6095890410958904,2.21708218169856,4.0,1.0,9.0,1752,,,,,
deepseek,malapropisms,offensiveness,1.7636986301369864,1.4909150412158854,1.0,1.0,8.0,1752,,,,,
deepseek,malapropisms,originality,4.6061643835616435,2.531159717841416,5.0,1.0,9.0,1752,,,,,
deepseek,malapropisms,appropriateness,4.3493150684931505,1.020413903010156,5.0,1.0,5.0,1752,,,,,
deepseek,malapropisms,clarity,8.108061749571183,1.4577529511770362,8.0,2.0,10.0,1749,,,,,
deepseek,malapropisms,confidence,4.793515358361775,3.0833651459517344,3.0,1.0,10.0,1758,,,,,
deepseek,malapropisms,performance,,,,,,1716,0.10664335664335664,1.0,0.10664335664335664,0.19273301737756715,89.33566433566433
deepseek,misdirection,funniness,6.5,0.5477225575051661,6.5,6.0,7.0,6,,,,,
deepseek,misdirection,offensiveness,3.0,2.1908902300206643,3.0,1.0,5.0,6,,,,,
deepseek,misdirection,originality,6.0,2.1908902300206643,6.0,4.0,8.0,6,,,,,
deepseek,misdirection,appropriateness,3.0,1.6431676725154984,3.0,1.5,4.5,6,,,,,
deepseek,misdirection,clarity,8.0,0.0,8.0,8.0,8.0,6,,,,,
deepseek,misdirection,confidence,8.0,0.0,8.0,8.0,8.0,3,,,,,
deepseek,misdirection,performance,,,,,,3,0.0,0.0,0.0,0.0,100.0
deepseek,misfortune,funniness,2.0,0.0,2.0,2.0,2.0,3,,,,,
deepseek,misfortune,offensiveness,1.0,0.0,1.0,1.0,1.0,3,,,,,
deepseek,misfortune,originality,3.0,0.0,3.0,3.0,3.0,3,,,,,
deepseek,misfortune,appropriateness,4.5,0.0,4.5,4.5,4.5,3,,,,,
deepseek,misfortune,clarity,8.0,0.0,8.0,8.0,8.0,3,,,,,
deepseek,misfortune,confidence,8.0,0.0,8.0,8.0,8.0,3,,,,,
deepseek,misfortune,performance,,,,,,3,0.0,0.0,0.0,0.0,100.0
deepseek,paraprosdokians,funniness,4.0,2.590517145702217,4.0,1.0,8.0,1875,,,,,
deepseek,paraprosdokians,offensiveness,1.6736,1.4752029326964045,1.0,1.0,10.0,1875,,,,,
deepseek,paraprosdokians,originality,4.7632,2.7496832843719154,5.0,1.0,9.0,1875,,,,,
deepseek,paraprosdokians,appropriateness,4.476,0.9528421788082826,5.0,0.5,5.0,1875,,,,,
deepseek,paraprosdokians,clarity,8.536,1.250895090411068,9.0,1.0,10.0,1875,,,,,
deepseek,paraprosdokians,confidence,5.751211631663974,3.2132420461437405,8.0,1.0,10.0,1857,,,,,
deepseek,paraprosdokians,performance,,,,,,1812,0.33774834437086093,1.0,0.33774834437086093,0.504950495049505,66.22516556291392
deepseek,pop_culture_parody,funniness,1.0,0.0,1.0,1.0,1.0,6,,,,,
deepseek,pop_culture_parody,offensiveness,1.5,0.5477225575051661,1.5,1.0,2.0,6,,,,,
deepseek,pop_culture_parody,originality,2.0,1.0954451150103321,2.0,1.0,3.0,6,,,,,
deepseek,pop_culture_parody,appropriateness,4.75,0.27386127875258304,4.75,4.5,5.0,6,,,,,
deepseek,pop_culture_parody,clarity,9.0,1.0954451150103321,9.0,8.0,10.0,6,,,,,
deepseek,pop_culture_parody,confidence,8.0,0.0,8.0,8.0,8.0,6,,,,,
deepseek,pop_culture_parody,performance,,,,,,6,0.0,0.0,0.0,0.0,100.0
deepseek,programming,funniness,3.4074074074074074,2.543510260337954,2.0,1.0,7.0,81,,,,,
deepseek,programming,offensiveness,1.4074074074074074,1.348867838019887,1.0,1.0,8.0,81,,,,,
deepseek,programming,originality,3.962962962962963,2.5022212354448423,3.0,1.0,8.0,81,,,,,
deepseek,programming,appropriateness,4.666666666666667,0.7745966692414834,5.0,1.0,5.0,81,,,,,
deepseek,programming,clarity,7.851851851851852,1.8514258769331755,8.0,2.0,10.0,81,,,,,
deepseek,programming,confidence,4.857142857142857,3.429646991363696,7.5,1.0,9.0,84,,,,,
deepseek,programming,performance,,,,,,84,0.2857142857142857,1.0,0.2857142857142857,0.4444444444444444,71.42857142857143
deepseek,puns,funniness,4.218649517684887,2.5719450497159695,6.0,1.0,8.0,1866,,,,,
deepseek,puns,offensiveness,1.5096463022508038,1.0979694557541941,1.0,1.0,10.0,1866,,,,,
deepseek,puns,originality,4.836012861736334,2.5540610500838983,6.0,1.0,9.0,1866,,,,,
deepseek,puns,appropriateness,4.537781350482315,0.7857942532667329,5.0,0.5,5.0,1866,,,,,
deepseek,puns,clarity,8.605475040257648,1.0283375242055712,9.0,3.0,10.0,1863,,,,,
deepseek,puns,confidence,6.0148270181219115,3.244657457539104,8.0,1.0,10.0,1821,,,,,
deepseek,puns,performance,,,,,,1797,0.41402337228714525,1.0,0.41402337228714525,0.5855962219598583,58.59766277128548
deepseek,recursive_meta-humor,funniness,4.333333333333333,1.8027756377319946,5.0,2.0,6.0,9,,,,,
deepseek,recursive_meta-humor,offensiveness,4.0,3.774917217635375,2.0,1.0,9.0,9,,,,,
deepseek,recursive_meta-humor,originality,4.0,2.598076211353316,4.0,1.0,7.0,9,,,,,
deepseek,recursive_meta-humor,appropriateness,3.1666666666666665,2.0463381929681126,4.0,0.5,5.0,9,,,,,
deepseek,recursive_meta-humor,clarity,7.0,0.8660254037844386,7.0,6.0,8.0,9,,,,,
deepseek,recursive_meta-humor,confidence,4.0,3.122498999199199,3.0,1.0,8.0,9,,,,,
deepseek,recursive_meta-humor,performance,,,,,,9,0.0,0.0,0.0,0.0,100.0
deepseek,religious,funniness,2.3125,1.3233781724186184,2.0,1.0,6.0,48,,,,,
deepseek,religious,offensiveness,3.0,2.8583584040419856,1.0,1.0,9.0,48,,,,,
deepseek,religious,originality,2.9375,1.311264616169071,3.0,1.0,5.0,48,,,,,
deepseek,religious,appropriateness,3.8125,1.535484537843819,4.75,1.0,5.0,48,,,,,
deepseek,religious,clarity,7.875,1.5928697506554612,8.0,5.0,10.0,48,,,,,
deepseek,religious,confidence,3.823529411764706,3.362771965821894,2.0,1.0,10.0,51,,,,,
deepseek,religious,performance,,,,,,48,0.0,0.0,0.0,0.0,100.0
deepseek,rule-of-three_violations,funniness,2.88,1.8303743524946667,2.0,1.0,6.0,75,,,,,
deepseek,rule-of-three_violations,offensiveness,1.24,0.8674286324721086,1.0,1.0,5.0,75,,,,,
deepseek,rule-of-three_violations,originality,4.16,2.2722771052939916,4.0,1.0,8.0,75,,,,,
deepseek,rule-of-three_violations,appropriateness,4.78,0.6218977060230699,5.0,2.0,5.0,75,,,,,
deepseek,rule-of-three_violations,clarity,8.48,0.7598008273865575,8.0,7.0,10.0,75,,,,,
deepseek,rule-of-three_violations,confidence,5.0285714285714285,3.190903967822932,5.0,1.0,10.0,105,,,,,
deepseek,rule-of-three_violations,performance,,,,,,102,0.029411764705882353,1.0,0.029411764705882353,0.05714285714285714,97.05882352941177
deepseek,science_puns,funniness,3.942857142857143,2.2267109732162726,4.0,1.0,7.0,105,,,,,
deepseek,science_puns,offensiveness,1.6571428571428573,1.498900696078061,1.0,1.0,8.0,105,,,,,
deepseek,science_puns,originality,5.114285714285714,2.30097924686545,6.0,1.0,8.0,105,,,,,
deepseek,science_puns,appropriateness,4.428571428571429,0.9767207976097961,5.0,1.5,5.0,105,,,,,
deepseek,science_puns,clarity,7.457142857142857,1.4479997571489078,8.0,5.0,10.0,105,,,,,
deepseek,science_puns,confidence,5.8125,2.8591956910991594,8.0,1.0,10.0,96,,,,,
deepseek,science_puns,performance,,,,,,96,0.3125,1.0,0.3125,0.47619047619047616,68.75
deepseek,surreal,funniness,3.768092105263158,2.473657479880931,3.0,1.0,8.0,1824,,,,,
deepseek,surreal,offensiveness,1.5632183908045978,1.3539622345817632,1.0,1.0,10.0,1827,,,,,
deepseek,surreal,originality,4.970443349753695,2.8613835550893105,5.0,1.0,9.0,1827,,,,,
deepseek,surreal,appropriateness,4.486042692939245,0.8570927223174165,5.0,0.5,5.0,1827,,,,,
deepseek,surreal,clarity,8.00164744645799,1.5507876512836858,8.0,2.0,10.0,1821,,,,,
deepseek,surreal,confidence,5.171114599686028,3.1492578304533203,6.0,1.0,10.0,1911,,,,,
deepseek,surreal,performance,,,,,,1884,0.17993630573248406,1.0,0.17993630573248406,0.3049932523616734,82.00636942675159
deepseek,terminal_illness,funniness,3.288135593220339,2.1928409923826333,2.0,1.0,7.0,177,,,,,
deepseek,terminal_illness,offensiveness,4.491525423728813,3.505059077552624,4.0,1.0,10.0,177,,,,,
deepseek,terminal_illness,originality,3.983050847457627,2.141246918670994,3.0,1.0,8.0,177,,,,,
deepseek,terminal_illness,appropriateness,3.0508474576271185,1.7917778957602355,2.5,0.5,5.0,177,,,,,
deepseek,terminal_illness,clarity,8.338983050847459,1.1472819087391664,8.0,4.0,10.0,177,,,,,
deepseek,terminal_illness,confidence,6.241935483870968,3.362843795928555,8.0,1.0,10.0,186,,,,,
deepseek,terminal_illness,performance,,,,,,183,0.09836065573770492,1.0,0.09836065573770492,0.1791044776119403,90.1639344262295
deepseek,all_subcategories,funniness,3.622623110677718,2.360958415374069,3.0,1.0,9.0,18459,,,,,
deepseek,all_subcategories,offensiveness,2.0742485783915514,2.0316122387179916,1.0,1.0,10.0,18465,,,,,
deepseek,all_subcategories,originality,4.4271324126726235,2.534705024957071,4.0,1.0,9.0,18465,,,,,
deepseek,all_subcategories,appropriateness,4.215840779853777,1.2100307534883592,5.0,0.5,5.0,18465,,,,,
deepseek,all_subcategories,clarity,8.235773683352356,1.440587220709923,8.0,1.0,10.0,18399,,,,,
deepseek,all_subcategories,confidence,5.309368538253539,3.2245564491423866,8.0,1.0,10.0,18861,,,,,
deepseek,mixed,funniness,3.622623110677718,2.360958415374069,3.0,1.0,9.0,18459,,,,,
deepseek,mixed,offensiveness,2.0742485783915514,2.0316122387179916,1.0,1.0,10.0,18465,,,,,
deepseek,mixed,originality,4.4271324126726235,2.534705024957071,4.0,1.0,9.0,18465,,,,,
deepseek,mixed,appropriateness,4.215840779853777,1.2100307534883592,5.0,0.5,5.0,18465,,,,,
deepseek,mixed,clarity,8.235773683352356,1.440587220709923,8.0,1.0,10.0,18399,,,,,
deepseek,mixed,confidence,5.309368538253539,3.2245564491423866,8.0,1.0,10.0,18861,,,,,
deepseek,all_subcategories,performance,,,,,,18348,0.1958796599084369,1.0,0.1958796599084369,0.3275909215203719,80.41203400915632
deepseek,mixed,performance,,,,,,18348,0.1958796599084369,1.0,0.1958796599084369,0.3275909215203719,80.41203400915632
chatgpt,absurdist_dread,funniness,2.6243654822335025,1.5230484245369451,2.0,1.0,7.0,591,,,,,
chatgpt,absurdist_dread,offensiveness,1.1218274111675126,0.3845059043780624,1.0,1.0,3.0,591,,,,,
chatgpt,absurdist_dread,originality,3.685279187817259,1.4054747246333061,3.0,1.0,8.0,591,,,,,
chatgpt,absurdist_dread,appropriateness,3.7893401015228427,0.7254721929743225,4.0,1.0,5.0,591,,,,,
chatgpt,absurdist_dread,clarity,7.649746192893401,1.384231697765908,8.0,3.0,10.0,591,,,,,
chatgpt,absurdist_dread,confidence,2.7033492822966507,2.10613851285118,2.0,1.0,8.0,627,,,,,
chatgpt,absurdist_dread,performance,,,,,,627,0.0861244019138756,1.0,0.0861244019138756,0.15859030837004406,91.38755980861244
chatgpt,anachronism,funniness,2.75,0.8660254037844386,2.5,2.0,4.0,12,,,,,
chatgpt,anachronism,offensiveness,1.0,0.0,1.0,1.0,1.0,12,,,,,
chatgpt,anachronism,originality,3.5,0.9045340337332909,3.0,3.0,5.0,12,,,,,
chatgpt,anachronism,appropriateness,3.625,1.6254370041762476,4.25,1.0,5.0,12,,,,,
chatgpt,anachronism,clarity,7.5,1.5666989036012806,8.0,5.0,9.0,12,,,,,
chatgpt,anachronism,confidence,2.0,0.7385489458759964,2.0,1.0,3.0,12,,,,,
chatgpt,anachronism,performance,,,,,,12,0.0,0.0,0.0,0.0,100.0
chatgpt,anti-jokes,funniness,3.7380497131931167,2.309217669466437,2.0,1.0,8.0,1569,,,,,
chatgpt,anti-jokes,offensiveness,1.445506692160612,1.192448289154923,1.0,1.0,9.0,1569,,,,,
chatgpt,anti-jokes,originality,3.6806883365200767,1.5853733659816955,3.0,1.0,8.0,1569,,,,,
chatgpt,anti-jokes,appropriateness,3.7963671128107075,0.9810673632654803,4.0,0.5,5.0,1569,,,,,
chatgpt,anti-jokes,clarity,8.204588910133843,1.299854524789883,8.0,1.0,10.0,1569,,,,,
chatgpt,anti-jokes,confidence,4.197508896797153,3.249033596319038,2.0,1.0,10.0,1686,,,,,
chatgpt,anti-jokes,performance,,,,,,1686,0.3612099644128114,1.0,0.3612099644128114,0.530718954248366,63.879003558718864
chatgpt,authority_mockery,funniness,3.5106382978723403,2.037565148043811,2.0,1.0,7.0,141,,,,,
chatgpt,authority_mockery,offensiveness,1.9787234042553192,1.3172920551884513,2.0,1.0,6.0,141,,,,,
chatgpt,authority_mockery,originality,3.6382978723404253,1.2664720161855747,3.0,1.0,6.0,141,,,,,
chatgpt,authority_mockery,appropriateness,3.4361702127659575,1.1784539869643182,4.0,1.0,5.0,141,,,,,
chatgpt,authority_mockery,clarity,7.787234042553192,1.1514494631816883,8.0,5.0,10.0,141,,,,,
chatgpt,authority_mockery,confidence,3.1176470588235294,2.4787018473985962,2.0,1.0,8.0,153,,,,,
chatgpt,authority_mockery,performance,,,,,,153,0.1568627450980392,1.0,0.1568627450980392,0.2711864406779661,84.31372549019608
chatgpt,british_class_humor,funniness,3.638253638253638,2.15346838247495,2.0,1.0,8.0,1443,,,,,
chatgpt,british_class_humor,offensiveness,1.212058212058212,0.6226816570165474,1.0,1.0,9.0,1443,,,,,
chatgpt,british_class_humor,originality,3.6590436590436592,1.299805138561647,3.0,1.0,8.0,1443,,,,,
chatgpt,british_class_humor,appropriateness,3.8523908523908523,0.7425353219014741,4.0,0.5,5.0,1443,,,,,
chatgpt,british_class_humor,clarity,8.11018711018711,1.0843356523013379,8.0,4.0,10.0,1443,,,,,
chatgpt,british_class_humor,confidence,3.5049701789264414,2.723219336888312,2.0,1.0,9.0,1509,,,,,
chatgpt,british_class_humor,performance,,,,,,1509,0.21868787276341947,1.0,0.21868787276341947,0.35889070146818924,78.13121272365805
chatgpt,colbert,funniness,5.1,2.282785822435191,6.0,1.0,7.0,10,,,,,
chatgpt,colbert,offensiveness,2.2,2.1499353995462798,1.5,1.0,8.0,10,,,,,
chatgpt,colbert,originality,4.1,0.9944289260117531,4.0,2.0,5.0,10,,,,,
chatgpt,colbert,appropriateness,3.25,1.0069204977995476,3.75,1.0,4.0,10,,,,,
chatgpt,colbert,clarity,8.3,0.8232726023485647,8.5,7.0,9.0,10,,,,,
chatgpt,colbert,confidence,6.5,2.41522945769824,8.0,3.0,8.0,10,,,,,
chatgpt,colbert,performance,,,,,,10,0.7,1.0,0.7,0.8235294117647058,30.000000000000004
chatgpt,contextual_sarcasm,funniness,3.847058823529412,2.3233115909181605,3.0,1.0,8.0,255,,,,,
chatgpt,contextual_sarcasm,offensiveness,1.6941176470588235,1.2769013559076718,1.0,1.0,8.0,255,,,,,
chatgpt,contextual_sarcasm,originality,3.7294117647058824,1.485268092352441,3.0,1.0,8.0,255,,,,,
chatgpt,contextual_sarcasm,appropriateness,3.4529411764705884,1.2141477262881066,4.0,0.5,5.0,255,,,,,
chatgpt,contextual_sarcasm,clarity,7.776470588235294,1.6862795365278689,8.0,1.0,10.0,255,,,,,
chatgpt,contextual_sarcasm,confidence,4.011363636363637,3.022706156087469,2.0,1.0,9.0,264,,,,,
chatgpt,contextual_sarcasm,performance,,,,,,264,0.29545454545454547,1.0,0.29545454545454547,0.45614035087719296,70.45454545454545
chatgpt,cringe_comedy,funniness,3.4166666666666665,1.9621416870348583,3.0,1.0,7.0,36,,,,,
chatgpt,cringe_comedy,offensiveness,2.0833333333333335,1.8263937926181981,1.0,1.0,6.0,36,,,,,
chatgpt,cringe_comedy,originality,3.25,1.105182596419511,3.0,2.0,6.0,36,,,,,
chatgpt,cringe_comedy,appropriateness,3.4166666666666665,1.2392393980641052,3.75,1.0,5.0,36,,,,,
chatgpt,cringe_comedy,clarity,8.0,1.2421180068162376,8.0,6.0,10.0,36,,,,,
chatgpt,cringe_comedy,confidence,2.8461538461538463,2.4445262326316506,2.0,1.0,8.0,39,,,,,
chatgpt,cringe_comedy,performance,,,,,,39,0.07692307692307693,1.0,0.07692307692307693,0.14285714285714285,92.3076923076923
chatgpt,double_entendres,funniness,4.2515822784810124,2.544277582842818,3.0,1.0,8.0,1896,,,,,
chatgpt,double_entendres,offensiveness,1.8623417721518987,1.4218556388748969,1.0,1.0,9.0,1896,,,,,
chatgpt,double_entendres,originality,4.1835443037974684,1.6447127380330813,4.0,1.0,8.0,1896,,,,,
chatgpt,double_entendres,appropriateness,3.4042721518987342,1.2091069112067931,4.0,0.5,5.0,1896,,,,,
chatgpt,double_entendres,clarity,8.055379746835444,1.1148281282118735,8.0,4.0,10.0,1896,,,,,
chatgpt,double_entendres,confidence,4.556221889055473,3.245606648800903,3.0,1.0,10.0,2001,,,,,
chatgpt,double_entendres,performance,,,,,,2001,0.4257871064467766,1.0,0.4257871064467766,0.5972660357518401,57.42128935532234
chatgpt,emoji_absurdism,funniness,2.610441767068273,1.388210873478929,2.0,1.0,8.0,747,,,,,
chatgpt,emoji_absurdism,offensiveness,1.5421686746987953,1.588928554109022,1.0,1.0,10.0,747,,,,,
chatgpt,emoji_absurdism,originality,3.0843373493975905,1.195213166505739,3.0,1.0,8.0,747,,,,,
chatgpt,emoji_absurdism,appropriateness,3.538152610441767,1.2096920101912954,4.0,0.5,5.0,747,,,,,
chatgpt,emoji_absurdism,clarity,7.594377510040161,1.795920453562934,8.0,1.0,10.0,747,,,,,
chatgpt,emoji_absurdism,confidence,2.6329588014981273,2.2231986774803913,2.0,1.0,9.0,801,,,,,
chatgpt,emoji_absurdism,performance,,,,,,801,0.08614232209737828,1.0,0.08614232209737828,0.15862068965517243,91.38576779026218
chatgpt,ethical_edge_cases,funniness,3.045112781954887,1.892458764536243,2.0,1.0,7.0,798,,,,,
chatgpt,ethical_edge_cases,offensiveness,1.5714285714285714,1.1130730920256011,1.0,1.0,9.0,798,,,,,
chatgpt,ethical_edge_cases,originality,3.8646616541353382,1.6679815443912689,3.0,1.0,8.0,798,,,,,
chatgpt,ethical_edge_cases,appropriateness,3.3477443609022557,1.2811983391547848,4.0,0.5,5.0,798,,,,,
chatgpt,ethical_edge_cases,clarity,7.466165413533835,1.5716219539315317,8.0,2.0,10.0,798,,,,,
chatgpt,ethical_edge_cases,confidence,2.6344086021505375,2.203229749810997,2.0,1.0,8.0,837,,,,,
chatgpt,ethical_edge_cases,performance,,,,,,837,0.11827956989247312,1.0,0.11827956989247312,0.21153846153846154,88.17204301075269
chatgpt,future_shock,funniness,7.0,0.0,7.0,7.0,7.0,3,,,,,
chatgpt,future_shock,offensiveness,2.0,0.0,2.0,2.0,2.0,3,,,,,
chatgpt,future_shock,originality,5.0,0.0,5.0,5.0,5.0,3,,,,,
chatgpt,future_shock,appropriateness,3.0,0.0,3.0,3.0,3.0,3,,,,,
chatgpt,future_shock,clarity,8.0,0.0,8.0,8.0,8.0,3,,,,,
chatgpt,future_shock,confidence,4.5,3.8340579025361627,4.5,1.0,8.0,6,,,,,
chatgpt,future_shock,performance,,,,,,6,0.5,1.0,0.5,0.6666666666666666,50.0
chatgpt,gallows_humor,funniness,4.003565062388592,2.459660104514804,2.0,1.0,8.0,1683,,,,,
chatgpt,gallows_humor,offensiveness,2.335115864527629,2.001039363166251,1.0,1.0,10.0,1683,,,,,
chatgpt,gallows_humor,originality,3.983957219251337,1.6053134952111774,3.0,1.0,8.0,1683,,,,,
chatgpt,gallows_humor,appropriateness,3.171122994652406,1.3368945010657534,4.0,0.5,5.0,1683,,,,,
chatgpt,gallows_humor,clarity,7.755793226381462,1.406759420303568,8.0,1.0,10.0,1683,,,,,
chatgpt,gallows_humor,confidence,4.301666666666667,3.261887227109346,2.0,1.0,10.0,1800,,,,,
chatgpt,gallows_humor,performance,,,,,,1800,0.41333333333333333,1.0,0.41333333333333333,0.5849056603773585,58.666666666666664
chatgpt,historical_satire,funniness,4.0,2.1908902300206643,4.0,2.0,6.0,6,,,,,
chatgpt,historical_satire,offensiveness,1.5,0.5477225575051661,1.5,1.0,2.0,6,,,,,
chatgpt,historical_satire,originality,4.0,0.0,4.0,4.0,4.0,6,,,,,
chatgpt,historical_satire,appropriateness,3.0,0.5477225575051661,3.0,2.5,3.5,6,,,,,
chatgpt,historical_satire,clarity,7.5,0.5477225575051661,7.5,7.0,8.0,6,,,,,
chatgpt,historical_satire,confidence,2.5,0.5477225575051661,2.5,2.0,3.0,6,,,,,
chatgpt,historical_satire,performance,,,,,,6,0.0,0.0,0.0,0.0,100.0
chatgpt,homophonic,funniness,4.267477203647417,2.4398254277361233,4.0,1.0,8.0,1974,,,,,
chatgpt,homophonic,offensiveness,1.3799392097264438,0.7789181135559297,1.0,1.0,8.0,1974,,,,,
chatgpt,homophonic,originality,5.056231003039514,2.3509558891724387,5.0,1.0,9.0,1974,,,,,
chatgpt,homophonic,appropriateness,3.6793313069908815,0.922632232723433,4.0,0.5,5.0,1974,,,,,
chatgpt,homophonic,clarity,6.939209726443769,1.8617587245642917,7.0,2.0,10.0,1974,,,,,
chatgpt,homophonic,confidence,3.536363636363636,2.7481797750306893,2.0,1.0,10.0,1980,,,,,
chatgpt,homophonic,performance,,,,,,1980,0.23939393939393938,1.0,0.23939393939393938,0.3863080684596577,76.06060606060606
chatgpt,malapropisms,funniness,3.9517684887459805,2.273245623406381,3.0,1.0,8.0,1866,,,,,
chatgpt,malapropisms,offensiveness,1.332797427652733,0.7175818782354609,1.0,1.0,7.0,1866,,,,,
chatgpt,malapropisms,originality,4.086816720257235,1.7163362206032358,3.0,1.0,8.0,1866,,,,,
chatgpt,malapropisms,appropriateness,3.855305466237942,0.8175135505298142,4.0,0.5,5.0,1866,,,,,
chatgpt,malapropisms,clarity,7.985530546623794,1.2354481282590062,8.0,1.0,10.0,1866,,,,,
chatgpt,malapropisms,confidence,4.1232,3.1037331465571185,2.0,1.0,9.0,1875,,,,,
chatgpt,malapropisms,performance,,,,,,1875,0.3328,1.0,0.3328,0.49939975990396157,66.72
chatgpt,misdirection,funniness,6.5,0.5477225575051661,6.5,6.0,7.0,6,,,,,
chatgpt,misdirection,offensiveness,3.0,1.0954451150103321,3.0,2.0,4.0,6,,,,,
chatgpt,misdirection,originality,4.5,1.6431676725154984,4.5,3.0,6.0,6,,,,,
chatgpt,misdirection,appropriateness,2.5,1.6431676725154984,2.5,1.0,4.0,6,,,,,
chatgpt,misdirection,clarity,8.5,0.5477225575051661,8.5,8.0,9.0,6,,,,,
chatgpt,misdirection,confidence,5.5,2.7386127875258306,5.5,3.0,8.0,6,,,,,
chatgpt,misdirection,performance,,,,,,6,0.5,1.0,0.5,0.6666666666666666,50.0
chatgpt,misfortune,funniness,2.0,0.0,2.0,2.0,2.0,3,,,,,
chatgpt,misfortune,offensiveness,1.0,0.0,1.0,1.0,1.0,3,,,,,
chatgpt,misfortune,originality,3.0,0.0,3.0,3.0,3.0,3,,,,,
chatgpt,misfortune,appropriateness,4.0,0.0,4.0,4.0,4.0,3,,,,,
chatgpt,misfortune,clarity,7.0,0.0,7.0,7.0,7.0,3,,,,,
chatgpt,misfortune,confidence,1.0,0.0,1.0,1.0,1.0,3,,,,,
chatgpt,misfortune,performance,,,,,,3,0.0,0.0,0.0,0.0,100.0
chatgpt,paraprosdokians,funniness,4.393393393393393,2.6112495730771776,3.0,1.0,8.0,1998,,,,,
chatgpt,paraprosdokians,offensiveness,1.3633633633633633,0.7791082168218856,1.0,1.0,9.0,1998,,,,,
chatgpt,paraprosdokians,originality,4.528528528528528,1.902726330340018,4.0,1.0,8.0,1998,,,,,
chatgpt,paraprosdokians,appropriateness,3.9496996996997,0.7752411936115872,4.0,0.5,5.0,1998,,,,,
chatgpt,paraprosdokians,clarity,8.214714714714715,1.139469736594446,8.0,3.0,10.0,1998,,,,,
chatgpt,paraprosdokians,confidence,4.923538230884557,3.3632797496881923,5.0,1.0,10.0,2001,,,,,
chatgpt,paraprosdokians,performance,,,,,,2001,0.4707646176911544,1.0,0.4707646176911544,0.6401630988786952,52.92353823088456
chatgpt,pop_culture_parody,funniness,2.0,0.0,2.0,2.0,2.0,6,,,,,
chatgpt,pop_culture_parody,offensiveness,1.0,0.0,1.0,1.0,1.0,6,,,,,
chatgpt,pop_culture_parody,originality,3.0,0.0,3.0,3.0,3.0,6,,,,,
chatgpt,pop_culture_parody,appropriateness,4.0,0.0,4.0,4.0,4.0,6,,,,,
chatgpt,pop_culture_parody,clarity,7.0,0.0,7.0,7.0,7.0,6,,,,,
chatgpt,pop_culture_parody,confidence,1.0,0.0,1.0,1.0,1.0,6,,,,,
chatgpt,pop_culture_parody,performance,,,,,,6,0.0,0.0,0.0,0.0,100.0
chatgpt,programming,funniness,3.3448275862068964,2.395866528714861,2.0,1.0,7.0,87,,,,,
chatgpt,programming,offensiveness,1.103448275862069,0.3063089623779221,1.0,1.0,2.0,87,,,,,
chatgpt,programming,originality,3.793103448275862,1.699096415365797,3.0,1.0,8.0,87,,,,,
chatgpt,programming,appropriateness,4.103448275862069,0.5179225666875331,4.0,3.0,5.0,87,,,,,
chatgpt,programming,clarity,8.137931034482758,1.2024433825389487,8.0,5.0,10.0,87,,,,,
chatgpt,programming,confidence,3.2758620689655173,3.044971665856693,1.0,1.0,9.0,87,,,,,
chatgpt,programming,performance,,,,,,87,0.2413793103448276,1.0,0.2413793103448276,0.3888888888888889,75.86206896551724
chatgpt,puns,funniness,4.529411764705882,2.6050880229903015,5.0,1.0,8.0,1989,,,,,
chatgpt,puns,offensiveness,1.292609351432881,0.6033530376665059,1.0,1.0,10.0,1989,,,,,
chatgpt,puns,originality,4.352941176470588,1.6266510408539043,4.0,1.0,8.0,1989,,,,,
chatgpt,puns,appropriateness,4.021870286576169,0.6766806495503055,4.0,0.5,5.0,1989,,,,,
chatgpt,puns,clarity,8.411764705882353,1.0471203940613187,9.0,2.0,10.0,1989,,,,,
chatgpt,puns,confidence,5.098950524737631,3.3957626386499653,8.0,1.0,9.0,2001,,,,,
chatgpt,puns,performance,,,,,,2001,0.5112443778110944,1.0,0.5112443778110944,0.6765873015873016,48.87556221889056
chatgpt,recursive_meta-humor,funniness,4.0,2.29128784747792,3.0,2.0,7.0,9,,,,,
chatgpt,recursive_meta-humor,offensiveness,3.0,3.0,1.0,1.0,7.0,9,,,,,
chatgpt,recursive_meta-humor,originality,3.0,2.29128784747792,2.0,1.0,6.0,9,,,,,
chatgpt,recursive_meta-humor,appropriateness,2.6666666666666665,1.6393596310755,3.5,0.5,4.0,9,,,,,
chatgpt,recursive_meta-humor,clarity,8.333333333333334,0.5,8.0,8.0,9.0,9,,,,,
chatgpt,recursive_meta-humor,confidence,5.333333333333333,3.278719262151,7.0,1.0,8.0,9,,,,,
chatgpt,recursive_meta-humor,performance,,,,,,9,0.3333333333333333,1.0,0.3333333333333333,0.5,66.66666666666667
chatgpt,religious,funniness,2.4444444444444446,1.2688825371490304,2.0,1.0,6.0,54,,,,,
chatgpt,religious,offensiveness,2.1666666666666665,2.212741832002626,1.0,1.0,9.0,54,,,,,
chatgpt,religious,originality,2.9444444444444446,0.9197347170165617,3.0,1.0,5.0,54,,,,,
chatgpt,religious,appropriateness,3.2777777777777777,1.419761694947519,4.0,0.5,5.0,54,,,,,
chatgpt,religious,clarity,7.166666666666667,1.690707120123925,7.0,3.0,10.0,54,,,,,
chatgpt,religious,confidence,2.8333333333333335,2.4087106078673775,2.0,1.0,8.0,54,,,,,
chatgpt,religious,performance,,,,,,54,0.1111111111111111,1.0,0.1111111111111111,0.2,88.88888888888889
chatgpt,rule-of-three_violations,funniness,2.4285714285714284,1.2998309272980233,2.0,1.0,7.0,105,,,,,
chatgpt,rule-of-three_violations,offensiveness,1.0857142857142856,0.36988266627835753,1.0,1.0,3.0,105,,,,,
chatgpt,rule-of-three_violations,originality,3.742857142857143,1.599450455075667,3.0,1.0,8.0,105,,,,,
chatgpt,rule-of-three_violations,appropriateness,3.9285714285714284,0.6483283661306748,4.0,1.0,5.0,105,,,,,
chatgpt,rule-of-three_violations,clarity,8.0,1.1519214716824566,8.0,6.0,10.0,105,,,,,
chatgpt,rule-of-three_violations,confidence,2.8,2.288768563761207,2.0,1.0,8.0,105,,,,,
chatgpt,rule-of-three_violations,performance,,,,,,105,0.08571428571428572,1.0,0.08571428571428572,0.15789473684210525,91.42857142857143
chatgpt,science_puns,funniness,4.222222222222222,2.2972284533711904,3.5,2.0,8.0,108,,,,,
chatgpt,science_puns,offensiveness,1.3888888888888888,0.8947754204041938,1.0,1.0,6.0,108,,,,,
chatgpt,science_puns,originality,4.5,1.7157870595283262,4.0,3.0,8.0,108,,,,,
chatgpt,science_puns,appropriateness,3.763888888888889,0.6953058001794894,4.0,1.5,5.0,108,,,,,
chatgpt,science_puns,clarity,7.25,1.5774402546560506,7.0,2.0,9.0,108,,,,,
chatgpt,science_puns,confidence,4.638888888888889,3.06154421158695,3.0,1.0,9.0,108,,,,,
chatgpt,science_puns,performance,,,,,,108,0.3333333333333333,1.0,0.3333333333333333,0.5,66.66666666666667
chatgpt,surreal,funniness,3.717948717948718,2.281802875262002,2.0,1.0,8.0,1989,,,,,
chatgpt,surreal,offensiveness,1.2835595776772248,0.725391865994185,1.0,1.0,8.0,1989,,,,,
chatgpt,surreal,originality,4.478129713423831,2.093188464749587,3.0,1.0,9.0,1989,,,,,
chatgpt,surreal,appropriateness,3.6726998491704372,0.9286485501432045,4.0,0.5,5.0,1989,,,,,
chatgpt,surreal,clarity,7.571644042232277,1.6121771156745708,8.0,1.0,10.0,1989,,,,,
chatgpt,surreal,confidence,3.4660633484162897,2.7613820858682296,2.0,1.0,9.0,1989,,,,,
chatgpt,surreal,performance,,,,,,1989,0.23076923076923078,1.0,0.23076923076923078,0.375,76.92307692307692
chatgpt,terminal_illness,funniness,3.591549295774648,2.4354543072494654,2.0,1.0,8.0,213,,,,,
chatgpt,terminal_illness,offensiveness,3.295774647887324,3.0532739906835134,2.0,1.0,10.0,213,,,,,
chatgpt,terminal_illness,originality,3.619718309859155,1.5543566027711473,3.0,1.0,8.0,213,,,,,
chatgpt,terminal_illness,appropriateness,2.8380281690140845,1.6478430324457853,3.0,0.5,5.0,213,,,,,
chatgpt,terminal_illness,clarity,7.71830985915493,1.4875245226285199,8.0,3.0,10.0,213,,,,,
chatgpt,terminal_illness,confidence,3.8450704225352115,3.159208854229159,2.0,1.0,9.0,213,,,,,
chatgpt,terminal_illness,performance,,,,,,213,0.3380281690140845,1.0,0.3380281690140845,0.5052631578947369,66.19718309859155
chatgpt,all_subcategories,funniness,3.9059549931111905,2.392127438279743,2.0,1.0,8.0,19597,,,,,
chatgpt,all_subcategories,offensiveness,1.5142113588814614,1.1838388359465921,1.0,1.0,10.0,19597,,,,,
chatgpt,all_subcategories,originality,4.153748022656529,1.814101805487326,3.0,1.0,9.0,19597,,,,,
chatgpt,all_subcategories,appropriateness,3.6810481196101446,1.0218360292976214,4.0,0.5,5.0,19597,,,,,
chatgpt,all_subcategories,clarity,7.859315201306322,1.441184321281568,8.0,1.0,10.0,19597,,,,,
chatgpt,all_subcategories,confidence,4.004210422032891,3.096846992122853,2.0,1.0,10.0,20188,,,,,
chatgpt,mixed,funniness,3.9059549931111905,2.392127438279743,2.0,1.0,8.0,19597,,,,,
chatgpt,mixed,offensiveness,1.5142113588814614,1.1838388359465921,1.0,1.0,10.0,19597,,,,,
chatgpt,mixed,originality,4.153748022656529,1.814101805487326,3.0,1.0,9.0,19597,,,,,
chatgpt,mixed,appropriateness,3.6810481196101446,1.0218360292976214,4.0,0.5,5.0,19597,,,,,
chatgpt,mixed,clarity,7.859315201306322,1.441184321281568,8.0,1.0,10.0,19597,,,,,
chatgpt,mixed,confidence,4.004210422032891,3.096846992122853,2.0,1.0,10.0,20188,,,,,
chatgpt,all_subcategories,performance,,,,,,20188,0.3241529621557361,1.0,0.3241529621557361,0.4896004788268742,67.5847037844264
chatgpt,mixed,performance,,,,,,20188,0.3241529621557361,1.0,0.3241529621557361,0.4896004788268742,67.5847037844264
llama,absurdist_dread,funniness,2.0418006430868165,1.8428226893053459,1.0,1.0,8.0,622,,,,,
llama,absurdist_dread,offensiveness,1.202572347266881,0.9277228577956927,1.0,1.0,8.0,622,,,,,
llama,absurdist_dread,originality,3.0610932475884245,2.5918485052295424,1.5,1.0,9.0,622,,,,,
llama,absurdist_dread,appropriateness,4.62459807073955,0.6477927959384095,5.0,1.0,5.0,622,,,,,
llama,absurdist_dread,clarity,8.361736334405144,1.5938738015488667,8.0,1.0,10.0,622,,,,,
llama,absurdist_dread,confidence,8.947368421052632,2.0470750417776356,10.0,1.0,10.0,627,,,,,
llama,absurdist_dread,performance,,,,,,627,0.1722488038277512,1.0,0.1722488038277512,0.2938775510204082,82.77511961722487
llama,anachronism,funniness,2.9166666666666665,2.843120351538664,1.0,1.0,8.0,12,,,,,
llama,anachronism,offensiveness,1.3333333333333333,0.8876253645985945,1.0,1.0,4.0,12,,,,,
llama,anachronism,originality,3.5,3.1766191290283907,1.0,1.0,9.0,12,,,,,
llama,anachronism,appropriateness,4.625,0.6077155435054972,5.0,3.0,5.0,12,,,,,
llama,anachronism,clarity,8.166666666666666,2.443296332763787,8.0,1.0,10.0,12,,,,,
llama,anachronism,confidence,9.5,0.9045340337332909,10.0,8.0,10.0,12,,,,,
llama,anachronism,performance,,,,,,12,0.0,0.0,0.0,0.0,100.0
llama,anti-jokes,funniness,3.4201780415430267,2.9736085736491966,2.0,1.0,8.0,1685,,,,,
llama,anti-jokes,offensiveness,1.6130563798219584,1.7521132065664748,1.0,1.0,10.0,1685,,,,,
llama,anti-jokes,originality,3.4124629080118694,2.9821657427414014,1.0,1.0,9.0,1685,,,,,
llama,anti-jokes,appropriateness,4.4869436201780415,1.061279411977525,5.0,0.5,5.0,1685,,,,,
llama,anti-jokes,clarity,8.796439169139466,1.191612272098578,9.0,1.0,10.0,1685,,,,,
llama,anti-jokes,confidence,9.564831261101244,1.3843982937037456,10.0,1.0,10.0,1689,,,,,
llama,anti-jokes,performance,,,,,,1689,0.42628774422735344,1.0,0.42628774422735344,0.597758405977584,57.37122557726466
llama,authority_mockery,funniness,3.388157894736842,2.7955720477644457,1.5,1.0,8.0,152,,,,,
llama,authority_mockery,offensiveness,2.7434210526315788,2.4989977077610357,1.0,1.0,9.0,152,,,,,
llama,authority_mockery,originality,3.236842105263158,2.5546654946340204,1.5,1.0,9.0,152,,,,,
llama,authority_mockery,appropriateness,3.986842105263158,1.3296757664101126,4.5,0.5,5.0,152,,,,,
llama,authority_mockery,clarity,8.855263157894736,1.1646441331064892,9.0,1.0,10.0,152,,,,,
llama,authority_mockery,confidence,9.509803921568627,1.4101028660630601,10.0,1.0,10.0,153,,,,,
llama,authority_mockery,performance,,,,,,153,0.4117647058823529,1.0,0.4117647058823529,0.5833333333333334,58.82352941176471
llama,british_class_humor,funniness,3.2519893899204244,2.7183961311954454,1.0,1.0,8.0,1508,,,,,
llama,british_class_humor,offensiveness,1.346816976127321,1.20813838418124,1.0,0.0,9.0,1508,,,,,
llama,british_class_humor,originality,3.0550397877984086,2.429146138171269,2.0,1.0,9.0,1508,,,,,
llama,british_class_humor,appropriateness,4.587533156498674,0.7507773557572401,5.0,0.5,5.0,1508,,,,,
llama,british_class_humor,clarity,8.805702917771884,1.143363457794828,9.0,1.0,10.0,1508,,,,,
llama,british_class_humor,confidence,9.057539682539682,2.2453708608731886,10.0,1.0,10.0,1512,,,,,
llama,british_class_humor,performance,,,,,,1512,0.33134920634920634,1.0,0.33134920634920634,0.4977645305514158,66.86507936507937
llama,contextual_sarcasm,funniness,3.628787878787879,3.0143012811244727,2.0,1.0,8.0,264,,,,,
llama,contextual_sarcasm,offensiveness,1.8409090909090908,1.8553367499142683,1.0,1.0,10.0,264,,,,,
llama,contextual_sarcasm,originality,3.4696969696969697,2.9012633774598995,1.0,1.0,9.0,264,,,,,
llama,contextual_sarcasm,appropriateness,4.297348484848484,1.1451802520369838,5.0,0.5,5.0,264,,,,,
llama,contextual_sarcasm,clarity,8.731060606060606,1.1987085938170652,9.0,3.0,10.0,264,,,,,
llama,contextual_sarcasm,confidence,9.170454545454545,2.104972878499579,10.0,1.0,10.0,264,,,,,
llama,contextual_sarcasm,performance,,,,,,264,0.48863636363636365,1.0,0.48863636363636365,0.6564885496183206,51.13636363636363
llama,cringe_comedy,funniness,2.380952380952381,2.294770097973905,1.0,1.0,8.0,42,,,,,
llama,cringe_comedy,offensiveness,1.8571428571428572,2.125012809963439,1.0,1.0,8.0,42,,,,,
llama,cringe_comedy,originality,2.0476190476190474,1.9624820142395458,1.0,1.0,8.0,42,,,,,
llama,cringe_comedy,appropriateness,4.321428571428571,1.2436248580084133,5.0,1.0,5.0,42,,,,,
llama,cringe_comedy,clarity,7.976190476190476,2.6271388056776384,8.5,1.0,10.0,42,,,,,
llama,cringe_comedy,confidence,8.785714285714286,2.3637064144976385,10.0,1.0,10.0,42,,,,,
llama,cringe_comedy,performance,,,,,,42,0.5,1.0,0.5,0.6666666666666666,50.0
llama,double_entendres,funniness,3.6943471735867934,3.069779569959202,2.0,0.0,8.0,1999,,,,,
llama,double_entendres,offensiveness,2.6698349174587293,2.6823945950446784,1.0,0.0,10.0,1999,,,,,
llama,double_entendres,originality,3.532766383191596,2.8658358145341025,1.0,0.0,9.0,1999,,,,,
llama,double_entendres,appropriateness,3.858929464732366,1.586860794685209,5.0,0.5,5.0,1999,,,,,
llama,double_entendres,clarity,8.78289144572286,1.2415429402942353,9.0,1.0,10.0,1999,,,,,
llama,double_entendres,confidence,9.599700149925038,1.3943385206057306,10.0,1.0,10.0,2001,,,,,
llama,double_entendres,performance,,,,,,2001,0.46926536731634183,1.0,0.46926536731634183,0.6387755102040816,53.07346326836581
llama,emoji_absurdism,funniness,2.1095890410958904,1.8484866643038513,1.0,1.0,8.0,803,,,,,
llama,emoji_absurdism,offensiveness,1.962640099626401,2.271167870281388,1.0,0.0,10.0,803,,,,,
llama,emoji_absurdism,originality,2.4707347447073476,2.350269859419454,1.0,1.0,9.0,803,,,,,
llama,emoji_absurdism,appropriateness,4.231008717310087,1.3352584266757885,5.0,0.5,5.0,803,,,,,
llama,emoji_absurdism,clarity,7.915317559153175,2.2671462485352376,8.0,1.0,10.0,803,,,,,
llama,emoji_absurdism,confidence,8.10820895522388,3.026570960994825,10.0,1.0,10.0,804,,,,,
llama,emoji_absurdism,performance,,,,,,804,0.17537313432835822,1.0,0.17537313432835822,0.2984126984126984,82.46268656716418
llama,ethical_edge_cases,funniness,2.950898203592814,2.6332559621212535,1.0,1.0,8.0,835,,,,,
llama,ethical_edge_cases,offensiveness,1.9077844311377246,2.0029652482278966,1.0,1.0,9.0,835,,,,,
llama,ethical_edge_cases,originality,3.615568862275449,3.0376529192029937,2.0,1.0,9.0,835,,,,,
llama,ethical_edge_cases,appropriateness,4.170059880239521,1.2187835942641612,5.0,0.5,5.0,835,,,,,
llama,ethical_edge_cases,clarity,8.368862275449102,1.7126943234324092,8.0,1.0,10.0,835,,,,,
llama,ethical_edge_cases,confidence,9.075268817204302,1.9479648515356576,10.0,1.0,10.0,837,,,,,
llama,ethical_edge_cases,performance,,,,,,837,0.2903225806451613,1.0,0.2903225806451613,0.45,70.96774193548387
llama,future_shock,funniness,2.0,2.0,1.0,1.0,6.0,6,,,,,
llama,future_shock,offensiveness,1.8333333333333333,2.0412414523193148,1.0,1.0,6.0,6,,,,,
llama,future_shock,originality,2.0,1.5491933384829668,1.0,1.0,4.0,6,,,,,
llama,future_shock,appropriateness,4.333333333333333,1.2110601416389966,5.0,2.0,5.0,6,,,,,
llama,future_shock,clarity,7.666666666666667,3.5023801430836525,9.0,1.0,10.0,6,,,,,
llama,future_shock,confidence,4.5,3.8340579025361627,4.5,1.0,8.0,6,,,,,
llama,future_shock,performance,,,,,,6,0.5,1.0,0.5,0.6666666666666666,50.0
llama,gallows_humor,funniness,3.169350360910605,2.8621425676815253,1.0,1.0,8.0,1801,,,,,
llama,gallows_humor,offensiveness,3.34647418101055,3.125326659464701,1.0,1.0,10.0,1801,,,,,
llama,gallows_humor,originality,3.1421432537479177,2.736543980912231,1.0,1.0,9.0,1801,,,,,
llama,gallows_humor,appropriateness,3.5247084952803998,1.7787558810646937,5.0,0.5,5.0,1801,,,,,
llama,gallows_humor,clarity,8.574680732926153,1.4727535513492769,9.0,1.0,10.0,1801,,,,,
llama,gallows_humor,confidence,9.36046511627907,1.823650640370298,10.0,1.0,10.0,1548,,,,,
llama,gallows_humor,performance,,,,,,1548,0.4263565891472868,1.0,0.4263565891472868,0.5978260869565217,57.36434108527132
llama,historical_satire,funniness,3.3333333333333335,3.614784456460255,1.0,1.0,8.0,6,,,,,
llama,historical_satire,offensiveness,1.1666666666666667,0.408248290463863,1.0,1.0,2.0,6,,,,,
llama,historical_satire,originality,3.1666666666666665,2.9944392908634274,1.5,1.0,7.0,6,,,,,
llama,historical_satire,appropriateness,4.5,0.8366600265340756,5.0,3.0,5.0,6,,,,,
llama,historical_satire,clarity,9.333333333333334,0.816496580927726,9.5,8.0,10.0,6,,,,,
llama,historical_satire,confidence,10.0,0.0,10.0,10.0,10.0,3,,,,,
llama,historical_satire,performance,,,,,,3,0.0,0.0,0.0,0.0,100.0
llama,homophonic,funniness,3.60262891809909,2.9480123984610316,2.0,1.0,8.0,1978,,,,,
llama,homophonic,offensiveness,1.5920121334681496,1.687790334222767,1.0,1.0,9.0,1978,,,,,
llama,homophonic,originality,4.41051567239636,3.5312508494107173,2.0,1.0,9.0,1978,,,,,
llama,homophonic,appropriateness,4.434529828109201,1.0235644456385675,5.0,0.5,5.0,1978,,,,,
llama,homophonic,clarity,7.761880687563195,2.1589406397138213,8.0,1.0,10.0,1978,,,,,
llama,homophonic,confidence,9.478184991273997,1.697929290328384,10.0,1.0,10.0,1719,,,,,
llama,homophonic,performance,,,,,,1719,0.4642233856893543,1.0,0.4642233856893543,0.634088200238379,53.57766143106457
llama,malapropisms,funniness,3.435965848452508,2.8116544788795568,2.0,1.0,8.0,1874,,,,,
llama,malapropisms,offensiveness,1.4236926360725721,1.4000968708302617,1.0,1.0,8.0,1874,,,,,
llama,malapropisms,originality,3.7086446104589115,3.210444111341995,1.0,1.0,9.0,1874,,,,,
llama,malapropisms,appropriateness,4.584578441835646,0.8625024484343715,5.0,0.5,5.0,1874,,,,,
llama,malapropisms,clarity,8.498399146211312,1.3998884856507963,8.0,1.0,10.0,1874,,,,,
llama,malapropisms,confidence,9.429245283018869,1.6388363191896143,10.0,1.0,10.0,1272,,,,,
llama,malapropisms,performance,,,,,,1272,0.4481132075471698,1.0,0.4481132075471698,0.6188925081433225,55.18867924528301
llama,misdirection,funniness,3.0,3.1622776601683795,1.0,1.0,8.0,6,,,,,
llama,misdirection,offensiveness,2.1666666666666665,2.857738033247042,1.0,1.0,8.0,6,,,,,
llama,misdirection,originality,2.5,3.2093613071762426,1.0,1.0,9.0,6,,,,,
llama,misdirection,appropriateness,4.166666666666667,1.6020819787597222,5.0,1.0,5.0,6,,,,,
llama,misdirection,clarity,9.166666666666666,1.3291601358251257,10.0,7.0,10.0,6,,,,,
llama,misdirection,confidence,9.0,1.0954451150103321,9.0,8.0,10.0,6,,,,,
llama,misdirection,performance,,,,,,6,0.5,1.0,0.5,0.6666666666666666,50.0
llama,misfortune,funniness,1.0,0.0,1.0,1.0,1.0,3,,,,,
llama,misfortune,offensiveness,1.0,0.0,1.0,1.0,1.0,3,,,,,
llama,misfortune,originality,1.0,0.0,1.0,1.0,1.0,3,,,,,
llama,misfortune,appropriateness,4.666666666666667,0.5773502691896258,5.0,4.0,5.0,3,,,,,
llama,misfortune,clarity,9.0,1.0,9.0,8.0,10.0,3,,,,,
llama,misfortune,confidence,10.0,0.0,10.0,10.0,10.0,3,,,,,
llama,misfortune,performance,,,,,,3,0.0,0.0,0.0,0.0,100.0
llama,paraprosdokians,funniness,3.8642284569138274,3.1880263071765813,2.0,1.0,8.0,1996,,,,,
llama,paraprosdokians,offensiveness,1.408817635270541,1.3489817583163586,1.0,1.0,9.0,1996,,,,,
llama,paraprosdokians,originality,3.9228456913827654,3.144643234281714,2.0,1.0,9.0,1996,,,,,
llama,paraprosdokians,appropriateness,4.596442885771543,0.8654275152807435,5.0,0.5,5.0,1996,,,,,
llama,paraprosdokians,clarity,8.851703406813627,1.1728132124454573,9.0,1.0,10.0,1996,,,,,
llama,paraprosdokians,confidence,9.581709145427286,1.57049204944225,10.0,1.0,10.0,2001,,,,,
llama,paraprosdokians,performance,,,,,,2001,0.4707646176911544,1.0,0.4707646176911544,0.6401630988786952,52.92353823088456
llama,pop_culture_parody,funniness,2.1666666666666665,1.9407902170679516,1.5,1.0,6.0,6,,,,,
llama,pop_culture_parody,offensiveness,1.0,0.0,1.0,1.0,1.0,6,,,,,
llama,pop_culture_parody,originality,2.5,2.7386127875258306,1.5,1.0,8.0,6,,,,,
llama,pop_culture_parody,appropriateness,4.75,0.27386127875258304,4.75,4.5,5.0,6,,,,,
llama,pop_culture_parody,clarity,9.0,1.0954451150103321,9.0,8.0,10.0,6,,,,,
llama,pop_culture_parody,confidence,10.0,0.0,10.0,10.0,10.0,6,,,,,
llama,pop_culture_parody,performance,,,,,,6,0.0,0.0,0.0,0.0,100.0
llama,programming,funniness,3.7586206896551726,3.087730849072041,2.0,1.0,8.0,87,,,,,
llama,programming,offensiveness,1.160919540229885,0.7757001821069247,1.0,1.0,6.0,87,,,,,
llama,programming,originality,4.0344827586206895,3.2794223678202448,1.0,1.0,9.0,87,,,,,
llama,programming,appropriateness,4.689655172413793,0.5458158993565293,5.0,2.0,5.0,87,,,,,
llama,programming,clarity,8.275862068965518,2.165746314098879,9.0,1.0,10.0,87,,,,,
llama,programming,confidence,9.689655172413794,1.6517104934370037,10.0,1.0,10.0,87,,,,,
llama,programming,performance,,,,,,87,0.3793103448275862,1.0,0.3793103448275862,0.55,62.06896551724138
llama,puns,funniness,4.235971943887775,3.3367293889003506,2.0,1.0,8.0,1996,,,,,
llama,puns,offensiveness,1.2444889779559118,1.002925389908474,1.0,1.0,8.0,1996,,,,,
llama,puns,originality,3.87875751503006,2.9974642013566526,2.0,1.0,9.0,1996,,,,,
llama,puns,appropriateness,4.706913827655311,0.6601984167376013,5.0,0.5,5.0,1996,,,,,
llama,puns,clarity,8.963426853707414,1.077528537688982,9.0,1.0,10.0,1996,,,,,
llama,puns,confidence,9.671664167916042,1.3894753251355059,10.0,1.0,10.0,2001,,,,,
llama,puns,performance,,,,,,2001,0.4992503748125937,1.0,0.4992503748125937,0.666,50.07496251874063
llama,recursive_meta-humor,funniness,2.7777777777777777,2.9907264074877267,1.0,1.0,8.0,9,,,,,
llama,recursive_meta-humor,offensiveness,1.7777777777777777,2.333333333333333,1.0,1.0,8.0,9,,,,,
llama,recursive_meta-humor,originality,2.6666666666666665,3.082207001484488,1.0,1.0,9.0,9,,,,,
llama,recursive_meta-humor,appropriateness,4.333333333333333,1.4790199457749043,5.0,0.5,5.0,9,,,,,
llama,recursive_meta-humor,clarity,8.333333333333334,1.5811388300841898,8.0,6.0,10.0,9,,,,,
llama,recursive_meta-humor,confidence,6.333333333333333,4.092676385936225,8.0,1.0,10.0,9,,,,,
llama,recursive_meta-humor,performance,,,,,,9,0.6666666666666666,1.0,0.6666666666666666,0.8,33.333333333333336
llama,religious,funniness,2.314814814814815,2.2970372556270493,1.0,1.0,8.0,54,,,,,
llama,religious,offensiveness,2.4074074074074074,2.6742554493252846,1.0,1.0,10.0,54,,,,,
llama,religious,originality,2.574074074074074,2.639338480955221,1.0,1.0,9.0,54,,,,,
llama,religious,appropriateness,4.074074074074074,1.4870745226514162,5.0,0.5,5.0,54,,,,,
llama,religious,clarity,8.592592592592593,1.7431106278937578,8.5,1.0,10.0,54,,,,,
llama,religious,confidence,9.333333333333334,0.951661902861773,10.0,8.0,10.0,54,,,,,
llama,religious,performance,,,,,,54,0.1111111111111111,1.0,0.1111111111111111,0.2,88.88888888888889
llama,rule-of-three_violations,funniness,1.980952380952381,1.839632866701692,1.0,1.0,8.0,105,,,,,
llama,rule-of-three_violations,offensiveness,1.1333333333333333,0.8442869848697853,1.0,1.0,8.0,105,,,,,
llama,rule-of-three_violations,originality,3.361904761904762,2.935603101198384,1.0,1.0,9.0,105,,,,,
llama,rule-of-three_violations,appropriateness,4.795238095238095,0.5746873652391948,5.0,0.5,5.0,105,,,,,
llama,rule-of-three_violations,clarity,8.752380952380953,1.15842194037466,8.0,4.0,10.0,105,,,,,
llama,rule-of-three_violations,confidence,9.542857142857143,1.4479997571489083,10.0,2.0,10.0,105,,,,,
llama,rule-of-three_violations,performance,,,,,,105,0.2,1.0,0.2,0.3333333333333333,80.0
llama,science_puns,funniness,3.138888888888889,2.8398312880430567,1.0,1.0,8.0,108,,,,,
llama,science_puns,offensiveness,1.2314814814814814,1.0730904054856927,1.0,1.0,8.0,108,,,,,
llama,science_puns,originality,3.5833333333333335,3.126985350649659,1.0,1.0,9.0,108,,,,,
llama,science_puns,appropriateness,4.625,0.7302700819035136,5.0,0.5,5.0,108,,,,,
llama,science_puns,clarity,8.351851851851851,1.9921097388175848,9.0,1.0,10.0,108,,,,,
llama,science_puns,confidence,9.722222222222221,0.6948856334777018,10.0,8.0,10.0,108,,,,,
llama,science_puns,performance,,,,,,108,0.5,1.0,0.5,0.6666666666666666,50.0
llama,surreal,funniness,3.581954887218045,3.087925036503172,1.0,1.0,9.0,1995,,,,,
llama,surreal,offensiveness,1.300751879699248,1.1501055012834573,1.0,1.0,8.0,1995,,,,,
llama,surreal,originality,4.249122807017544,3.507635028467891,2.0,1.0,9.0,1995,,,,,
llama,surreal,appropriateness,4.5664160401002505,0.7746128144954096,5.0,0.5,5.0,1995,,,,,
llama,surreal,clarity,8.30375939849624,1.718960551726191,8.0,1.0,10.0,1995,,,,,
llama,surreal,confidence,9.403298350824588,1.6268893986507744,10.0,1.0,10.0,2001,,,,,
llama,surreal,performance,,,,,,2001,0.41529235382308843,1.0,0.41529235382308843,0.586864406779661,58.47076461769116
llama,terminal_illness,funniness,2.676056338028169,2.586838865790788,1.0,1.0,8.0,213,,,,,
llama,terminal_illness,offensiveness,3.863849765258216,3.566783104307314,1.0,1.0,10.0,213,,,,,
llama,terminal_illness,originality,2.896713615023474,2.65085221214153,1.0,1.0,9.0,213,,,,,
llama,terminal_illness,appropriateness,3.267605633802817,1.9639996720127588,4.5,0.5,5.0,213,,,,,
llama,terminal_illness,clarity,8.507042253521126,1.4162790682452435,8.0,1.0,10.0,213,,,,,
llama,terminal_illness,confidence,8.971830985915492,2.47804604430882,10.0,1.0,10.0,213,,,,,
llama,terminal_illness,performance,,,,,,213,0.3380281690140845,1.0,0.3380281690140845,0.5052631578947369,66.19718309859155
llama,all_subcategories,funniness,3.4383833374659063,2.9624768619765707,1.0,0.0,9.0,20165,,,,,
llama,all_subcategories,offensiveness,1.7900818249442103,1.9893140478879203,1.0,0.0,10.0,20165,,,,,
llama,all_subcategories,originality,3.629010662038185,3.066346538337012,1.0,0.0,9.0,20165,,,,,
llama,all_subcategories,appropriateness,4.354227622117531,1.1786627122669817,5.0,0.5,5.0,20165,,,,,
llama,all_subcategories,clarity,8.542722539052814,1.5515739417498666,9.0,1.0,10.0,20165,,,,,
llama,all_subcategories,confidence,9.371168055337211,1.7976451170579304,10.0,1.0,10.0,19083,,,,,
llama,mixed,funniness,3.4383833374659063,2.9624768619765707,1.0,0.0,9.0,20165,,,,,
llama,mixed,offensiveness,1.7900818249442103,1.9893140478879203,1.0,0.0,10.0,20165,,,,,
llama,mixed,originality,3.629010662038185,3.066346538337012,1.0,0.0,9.0,20165,,,,,
llama,mixed,appropriateness,4.354227622117531,1.1786627122669817,5.0,0.5,5.0,20165,,,,,
llama,mixed,clarity,8.542722539052814,1.5515739417498666,9.0,1.0,10.0,20165,,,,,
llama,mixed,confidence,9.371168055337211,1.7976451170579304,10.0,1.0,10.0,19083,,,,,
llama,all_subcategories,performance,,,,,,19083,0.4120421317402924,1.0,0.4120421317402924,0.5836116677800045,58.79578682597075
llama,mixed,performance,,,,,,19083,0.4120421317402924,1.0,0.4120421317402924,0.5836116677800045,58.79578682597075
all_llms,all_subcategories,funniness,3.503668742826931,2.5439061129975165,2.0,0.0,9.0,77547,,,,,
all_llms,all_subcategories,offensiveness,1.8317517212924521,1.8624915755379599,1.0,0.0,10.0,77558,,,,,
all_llms,all_subcategories,originality,3.922058330539725,2.587135235416147,3.0,0.0,9.0,77558,,,,,
all_llms,all_subcategories,appropriateness,4.113295856004538,1.1811555140429055,4.5,0.5,5.0,77558,,,,,
all_llms,all_subcategories,clarity,7.889746402529521,2.1170302162739003,8.0,1.0,10.0,77485,,,,,
all_llms,all_subcategories,confidence,6.780290151466735,3.2925316975838004,8.0,1.0,10.0,78235,,,,,
all_llms,all_subcategories,performance,,,,,,77782,0.3433185055668407,1.0,0.3433185055668407,0.5111498191145225,65.66814944331594
all_llms,absurdist_dread,appropriateness,4.369233804338034,0.7106938302546035,4.625,0.5,5.0,2364,,,,,
all_llms,absurdist_dread,clarity,7.63621008979432,1.949450183360444,7.75,1.0,10.0,2360,,,,,
all_llms,absurdist_dread,confidence,6.170229369825371,2.025330225620021,5.75,1.0,10.0,2496,,,,,
all_llms,absurdist_dread,funniness,2.2871274061294375,1.6171841855664397,1.5,1.0,8.0,2364,,,,,
all_llms,absurdist_dread,offensiveness,1.2436861244911315,0.831878521969798,1.0,1.0,10.0,2364,,,,,
all_llms,absurdist_dread,originality,3.3506407886996623,2.1020514827364147,2.375,1.0,9.0,2364,,,,,
all_llms,absurdist_dread,performance,,,,,,2493,0.09345704439975942,1.0,0.09345704439975942,0.16532769909718226,90.65429556002405
all_llms,anachronism,appropriateness,4.375,0.8701608139903022,4.75,1.0,5.0,48,,,,,
all_llms,anachronism,clarity,8.125,1.8836714977108864,8.25,1.0,10.0,48,,,,,
all_llms,anachronism,confidence,5.8125,1.2884826767908115,5.625,1.0,10.0,48,,,,,
all_llms,anachronism,funniness,2.5625,1.752268998905114,1.75,1.0,8.0,48,,,,,
all_llms,anachronism,offensiveness,1.2083333333333333,0.5514794463124196,1.0,1.0,4.0,48,,,,,
all_llms,anachronism,originality,3.3958333333333335,2.1088157262867906,2.5,1.0,9.0,48,,,,,
all_llms,anachronism,performance,,,,,,48,0.0,0.0,0.0,0.0,100.0
all_llms,anti-jokes,appropriateness,4.2509420870429455,1.063219214026759,4.625,0.5,5.0,6481,,,,,
all_llms,anti-jokes,clarity,8.164725084732439,1.6806295304078538,8.5,1.0,10.0,6477,,,,,
all_llms,anti-jokes,confidence,6.849358391464858,2.20537571654998,7.0,1.0,10.0,6648,,,,,
all_llms,anti-jokes,funniness,3.287007600853457,2.3624310575864986,2.0,1.0,8.0,6480,,,,,
all_llms,anti-jokes,offensiveness,1.6702743756979848,1.6412122878005977,1.0,1.0,10.0,6481,,,,,
all_llms,anti-jokes,originality,3.464319350100697,2.280134199257504,2.25,1.0,9.0,6481,,,,,
all_llms,anti-jokes,performance,,,,,,6633,0.35259889876686573,1.0,0.35259889876686573,0.5117519613692381,64.74011012331343
all_llms,authority_mockery,appropriateness,3.801512518866547,1.2496122336993625,4.25,0.5,5.0,583,,,,,
all_llms,authority_mockery,clarity,8.058936657091387,1.570033079476529,8.25,1.0,10.0,583,,,,,
all_llms,authority_mockery,confidence,6.544117647058824,1.9173279513531656,6.25,1.0,10.0,612,,,,,
all_llms,authority_mockery,funniness,3.3705085447198013,2.314863795635381,2.25,1.0,8.0,583,,,,,
all_llms,authority_mockery,offensiveness,2.527647098203418,1.9969955854073935,1.625,1.0,9.0,583,,,,,
all_llms,authority_mockery,originality,3.448833621403184,1.9787150221866492,2.875,1.0,9.0,583,,,,,
all_llms,authority_mockery,performance,,,,,,612,0.2647058823529412,1.0,0.2647058823529412,0.4080329285774517,73.52941176470588
all_llms,british_class_humor,appropriateness,4.349060495347565,0.7720512602072864,4.625,0.5,5.0,4992,,,,,
all_llms,british_class_humor,clarity,8.147433506753025,1.554755034727368,8.25,1.0,10.0,4986,,,,,
all_llms,british_class_humor,confidence,6.507976617992956,2.19982693246447,6.5,1.0,10.0,5973,,,,,
all_llms,british_class_humor,funniness,3.333992136711396,2.310551393749012,2.0,1.0,8.0,4991,,,,,
all_llms,british_class_humor,offensiveness,1.3986438109266537,1.0868728117872086,1.0,0.0,10.0,4992,,,,,
all_llms,british_class_humor,originality,3.3997078697774037,1.9481443964650846,3.0,1.0,9.0,4992,,,,,
all_llms,british_class_humor,performance,,,,,,5967,0.24442103509440094,1.0,0.24442103509440094,0.38631961951611216,75.5578964905599
all_llms,colbert,appropriateness,3.25,1.0069204977995476,3.75,1.0,4.0,10,,,,,
all_llms,colbert,clarity,8.3,0.8232726023485647,8.5,7.0,9.0,10,,,,,
all_llms,colbert,confidence,6.5,2.41522945769824,8.0,3.0,8.0,10,,,,,
all_llms,colbert,funniness,5.1,2.282785822435191,6.0,1.0,7.0,10,,,,,
all_llms,colbert,offensiveness,2.2,2.1499353995462798,1.5,1.0,8.0,10,,,,,
all_llms,colbert,originality,4.1,0.9944289260117531,4.0,2.0,5.0,10,,,,,
all_llms,colbert,performance,,,,,,10,0.7,1.0,0.7,0.8235294117647058,30.000000000000004
all_llms,contextual_sarcasm,appropriateness,4.012138717611137,1.1545248564448023,4.5,0.5,5.0,1022,,,,,
all_llms,contextual_sarcasm,clarity,7.962766828992226,1.8018380748458982,8.5,1.0,10.0,1022,,,,,
all_llms,contextual_sarcasm,confidence,6.712121212121212,2.212837348729753,7.0,1.0,10.0,1050,,,,,
all_llms,contextual_sarcasm,funniness,3.633766808659171,2.5118317985315457,3.0,1.0,8.0,1022,,,,,
all_llms,contextual_sarcasm,offensiveness,1.894902121754336,1.5990909929858077,1.0,1.0,10.0,1022,,,,,
all_llms,contextual_sarcasm,originality,3.7096631151596484,2.2726643612653072,2.75,1.0,9.0,1022,,,,,
all_llms,contextual_sarcasm,performance,,,,,,1044,0.37847708832749405,1.0,0.37847708832749405,0.5400045265718819,62.152291167250596
all_llms,cringe_comedy,appropriateness,3.871565934065934,1.3349467945770608,4.375,0.5,5.0,159,,,,,
all_llms,cringe_comedy,clarity,7.50297619047619,2.174184439024865,7.75,1.0,10.0,156,,,,,
all_llms,cringe_comedy,confidence,5.979395604395604,2.37521905152256,6.0,1.0,10.0,165,,,,,
all_llms,cringe_comedy,funniness,2.8491300366300365,1.986310973926484,2.0,1.0,8.0,159,,,,,
all_llms,cringe_comedy,offensiveness,2.366071428571429,2.273135207931965,1.25,1.0,10.0,159,,,,,
all_llms,cringe_comedy,originality,2.811584249084249,1.688236980764114,2.125,1.0,8.0,159,,,,,
all_llms,cringe_comedy,performance,,,,,,162,0.2348901098901099,1.0,0.2348901098901099,0.3492063492063492,76.51098901098901
all_llms,double_entendres,appropriateness,3.668978544188428,1.4693136385035988,4.5625,0.5,5.0,7707,,,,,
all_llms,double_entendres,clarity,8.14516835206507,1.626509994236912,8.25,1.0,10.0,7700,,,,,
all_llms,double_entendres,confidence,7.14845695121842,2.129596029000498,7.5,1.0,10.0,7821,,,,,
all_llms,double_entendres,funniness,3.7935385580942906,2.626637620749905,2.75,0.0,8.0,7705,,,,,
all_llms,double_entendres,offensiveness,2.608830028320245,2.3486428072100294,1.0,0.0,10.0,7707,,,,,
all_llms,double_entendres,originality,3.927532193729053,2.3720742357502345,3.25,0.0,9.0,7707,,,,,
all_llms,double_entendres,performance,,,,,,7779,0.4219422784620449,1.0,0.4219422784620449,0.5892893364533581,57.80577215379551
all_llms,emoji_absurdism,appropriateness,4.005042348066995,1.3127736297729045,4.625,0.5,5.0,3094,,,,,
all_llms,emoji_absurdism,clarity,7.378579763233294,2.2666775763427545,7.5,1.0,10.0,3088,,,,,
all_llms,emoji_absurdism,confidence,5.874569791606243,2.3608141487516425,5.75,1.0,10.0,3192,,,,,
all_llms,emoji_absurdism,funniness,2.3702697988152344,1.6193051938670795,1.5,1.0,8.0,3094,,,,,
all_llms,emoji_absurdism,offensiveness,1.9496497742264602,2.1391013222445285,1.0,0.0,10.0,3094,,,,,
all_llms,emoji_absurdism,originality,2.9502902009455894,1.9320654601893552,2.0,1.0,9.0,3094,,,,,
all_llms,emoji_absurdism,performance,,,,,,3183,0.12978069217539168,1.0,0.12978069217539168,0.21737932513794583,87.02193078246083
all_llms,ethical_edge_cases,appropriateness,3.901282013441698,1.2310604531665974,4.5,0.5,5.0,3240,,,,,
all_llms,ethical_edge_cases,clarity,7.585701379611878,2.0091095733181925,7.75,1.0,10.0,3240,,,,,
all_llms,ethical_edge_cases,confidence,6.322319910342459,2.063212311587104,7.0,1.0,10.0,3318,,,,,
all_llms,ethical_edge_cases,funniness,2.9714035464985686,2.156056296207988,2.0,1.0,8.0,3240,,,,,
all_llms,ethical_edge_cases,offensiveness,1.9054012410588415,1.671525855138097,1.0,1.0,9.0,3240,,,,,
all_llms,ethical_edge_cases,originality,3.803439031158798,2.4339959165765825,3.0,1.0,9.0,3240,,,,,
all_llms,ethical_edge_cases,performance,,,,,,3291,0.17845156577741145,1.0,0.17845156577741145,0.2908264408295781,82.15484342225886
all_llms,future_shock,appropriateness,3.958333333333333,0.5527650354097491,4.125,2.0,5.0,18,,,,,
all_llms,future_shock,clarity,7.583333333333334,1.6283676884799942,7.75,1.0,10.0,18,,,,,
all_llms,future_shock,confidence,4.625,2.875543426902122,4.625,1.0,8.0,24,,,,,
all_llms,future_shock,funniness,4.5,0.9743416490252569,4.25,1.0,7.0,18,,,,,
all_llms,future_shock,offensiveness,1.7083333333333333,0.7841716418324117,1.5,1.0,6.0,18,,,,,
all_llms,future_shock,originality,3.7916666666666665,0.8178986907128688,3.75,1.0,5.0,18,,,,,
all_llms,future_shock,performance,,,,,,24,0.375,0.75,0.375,0.5,62.5
all_llms,gallows_humor,appropriateness,3.3633976284459584,1.6443483867274675,4.375,0.5,5.0,6931,,,,,
all_llms,gallows_humor,clarity,7.998061703123303,1.7619681736093724,8.25,1.0,10.0,6909,,,,,
all_llms,gallows_humor,confidence,7.023528499485572,2.2614444322962344,7.25,1.0,10.0,6771,,,,,
all_llms,gallows_humor,funniness,3.364857349916199,2.451642450344159,1.75,1.0,8.0,6931,,,,,
all_llms,gallows_humor,offensiveness,3.3093799505827484,2.8749524662563393,1.25,1.0,10.0,6931,,,,,
all_llms,gallows_humor,originality,3.6280690374628373,2.2878542970794147,2.75,1.0,9.0,6931,,,,,
all_llms,gallows_humor,performance,,,,,,6723,0.3889105758582503,1.0,0.3889105758582503,0.5517183956431269,61.10894241417497
all_llms,historical_satire,appropriateness,3.7291666666666665,0.8039519428108903,3.8125,2.5,5.0,24,,,,,
all_llms,historical_satire,clarity,8.208333333333334,0.7593847978752608,8.375,6.0,10.0,24,,,,,
all_llms,historical_satire,confidence,6.625,0.9585144756340407,6.625,2.0,10.0,21,,,,,
all_llms,historical_satire,funniness,3.875,2.6397789322514815,3.5,1.0,8.0,24,,,,,
all_llms,historical_satire,offensiveness,1.5833333333333333,0.6217213714310925,1.625,1.0,3.0,24,,,,,
all_llms,historical_satire,originality,4.25,1.8425317919087048,3.75,1.0,8.0,24,,,,,
all_llms,historical_satire,performance,,,,,,21,0.125,0.25,0.125,0.16666666666666666,87.5
all_llms,homophonic,appropriateness,4.163590835743459,1.0144773654539607,4.5,0.5,5.0,7703,,,,,
all_llms,homophonic,clarity,7.011522801255261,2.341455522804033,7.0,1.0,10.0,7694,,,,,
all_llms,homophonic,confidence,6.530080021033274,2.123660816533834,5.75,1.0,10.0,7446,,,,,
all_llms,homophonic,funniness,3.6623642367312916,2.4782535672563557,3.0,1.0,8.0,7700,,,,,
all_llms,homophonic,offensiveness,1.6307667284913647,1.4412805302848173,1.0,1.0,10.0,7703,,,,,
all_llms,homophonic,originality,4.591826917174192,2.8991607143269915,4.25,1.0,9.0,7703,,,,,
all_llms,homophonic,performance,,,,,,7269,0.32785229785833114,1.0,0.32785229785833114,0.4685402008014776,67.21477021416689
all_llms,malapropisms,appropriateness,4.306357908496007,0.8893190666791007,4.625,0.5,5.0,7366,,,,,
all_llms,malapropisms,clarity,7.9015997816261185,1.7870192273344725,8.0,1.0,10.0,7363,,,,,
all_llms,malapropisms,confidence,6.6802904824063525,2.153017655689141,5.75,1.0,10.0,6768,,,,,
all_llms,malapropisms,funniness,3.580307365384694,2.4213633100979806,3.0,1.0,9.0,7366,,,,,
all_llms,malapropisms,offensiveness,1.5185210261870243,1.2543333259858558,1.0,1.0,10.0,7366,,,,,
all_llms,malapropisms,originality,4.032636951515018,2.563816657534066,3.0,1.0,9.0,7366,,,,,
all_llms,malapropisms,performance,,,,,,6732,0.3450833625564599,1.0,0.3450833625564599,0.492810084797073,65.49166374435401
all_llms,misdirection,appropriateness,3.375,1.554394364903961,3.625,1.0,5.0,24,,,,,
all_llms,misdirection,clarity,8.333333333333334,0.9608167134576604,8.375,6.0,10.0,24,,,,,
all_llms,misdirection,confidence,7.625,0.9585144756340407,7.625,3.0,10.0,21,,,,,
all_llms,misdirection,funniness,4.916666666666666,1.6044924186619998,4.625,1.0,8.0,24,,,,,
all_llms,misdirection,offensiveness,2.708333333333333,2.120540941794516,2.25,1.0,8.0,24,,,,,
all_llms,misdirection,originality,4.083333333333334,2.323586236299239,3.75,1.0,9.0,24,,,,,
all_llms,misdirection,performance,,,,,,21,0.375,0.75,0.375,0.5,62.5
all_llms,misfortune,appropriateness,4.375,0.33527822125389983,4.5,3.5,5.0,12,,,,,
all_llms,misfortune,clarity,8.0,0.75,8.0,6.0,10.0,12,,,,,
all_llms,misfortune,confidence,7.0,0.0,7.0,1.0,10.0,12,,,,,
all_llms,misfortune,funniness,1.9166666666666665,0.5204164998665333,1.75,1.0,5.0,12,,,,,
all_llms,misfortune,offensiveness,1.1666666666666667,0.2886751345948129,1.0,1.0,3.0,12,,,,,
all_llms,misfortune,originality,2.4166666666666665,0.38188130791298663,2.5,1.0,4.0,12,,,,,
all_llms,misfortune,performance,,,,,,12,0.0,0.0,0.0,0.0,100.0
all_llms,paraprosdokians,appropriateness,4.372039894243873,0.8605973277747225,4.625,0.5,5.0,7870,,,,,
all_llms,paraprosdokians,clarity,8.245432116588983,1.6406091421276918,8.5,1.0,10.0,7870,,,,,
all_llms,paraprosdokians,confidence,7.245110227107077,2.1916803100257343,8.0,1.0,10.0,7848,,,,,
all_llms,paraprosdokians,funniness,3.9335958673744065,2.7414389739903307,2.75,1.0,9.0,7870,,,,,
all_llms,paraprosdokians,offensiveness,1.4882568438613746,1.2442501172650378,1.0,1.0,10.0,7870,,,,,
all_llms,paraprosdokians,originality,4.253918417546539,2.649728182402376,3.5,1.0,9.0,7870,,,,,
all_llms,paraprosdokians,performance,,,,,,7815,0.445006801235144,1.0,0.445006801235144,0.6131523400348906,55.4993198764856
all_llms,pop_culture_parody,appropriateness,4.520833333333333,0.2598296494075634,4.5625,4.0,5.0,24,,,,,
all_llms,pop_culture_parody,clarity,8.375,0.9878929790466413,8.5,6.0,10.0,24,,,,,
all_llms,pop_culture_parody,confidence,6.875,0.13693063937629152,6.875,1.0,10.0,24,,,,,
all_llms,pop_culture_parody,funniness,1.7916666666666665,0.985197554266988,1.375,1.0,6.0,24,,,,,
all_llms,pop_culture_parody,offensiveness,1.1666666666666667,0.23899271199225727,1.125,1.0,2.0,24,,,,,
all_llms,pop_culture_parody,originality,2.5,1.5448164456119695,2.0,1.0,8.0,24,,,,,
all_llms,pop_culture_parody,performance,,,,,,24,0.0,0.0,0.0,0.0,100.0
all_llms,programming,appropriateness,4.511494252873563,0.5999307590516888,4.625,1.0,5.0,342,,,,,
all_llms,programming,clarity,7.756066411238825,2.1180994965618978,8.25,1.0,10.0,342,,,,,
all_llms,programming,confidence,6.62807881773399,2.2075775671811275,6.875,1.0,10.0,345,,,,,
all_llms,programming,funniness,3.4581736909323118,2.624459954703226,2.25,1.0,8.0,342,,,,,
all_llms,programming,offensiveness,1.2167943805874841,0.7545811906658317,1.0,1.0,8.0,342,,,,,
all_llms,programming,originality,3.9160280970625796,2.59134020448647,2.5,1.0,9.0,342,,,,,
all_llms,programming,performance,,,,,,345,0.3214285714285714,1.0,0.3214285714285714,0.48333333333333334,67.85714285714286
all_llms,puns,appropriateness,4.457203866178449,0.7000383809627811,4.625,0.5,5.0,7851,,,,,
all_llms,puns,clarity,8.339041649961853,1.5469092655571353,8.75,1.0,10.0,7848,,,,,
all_llms,puns,confidence,7.3786912547615655,2.1785590424480303,8.75,1.0,10.0,7818,,,,,
all_llms,puns,funniness,4.149460032432568,2.7748545249737355,4.0,1.0,8.0,7850,,,,,
all_llms,puns,offensiveness,1.3443111579098992,0.9342773789191983,1.0,1.0,10.0,7851,,,,,
all_llms,puns,originality,4.231677888309245,2.495795322025855,4.0,1.0,9.0,7851,,,,,
all_llms,puns,performance,,,,,,7800,0.4843154382741851,1.0,0.4843154382741851,0.6515206083397137,51.56845617258149
all_llms,recursive_meta-humor,appropriateness,3.583333333333333,1.6159389688737937,4.25,0.5,5.0,36,,,,,
all_llms,recursive_meta-humor,clarity,7.527777777777779,1.6127825602016839,7.75,1.0,10.0,36,,,,,
all_llms,recursive_meta-humor,confidence,5.916666666666666,2.623473661821606,6.5,1.0,10.0,36,,,,,
all_llms,recursive_meta-humor,funniness,3.5,2.3223956629795333,2.75,1.0,8.0,36,,,,,
all_llms,recursive_meta-humor,offensiveness,2.6944444444444446,2.8633646077201056,1.25,1.0,9.0,36,,,,,
all_llms,recursive_meta-humor,originality,3.0555555555555554,2.553460433707002,2.0,1.0,9.0,36,,,,,
all_llms,recursive_meta-humor,performance,,,,,,36,0.41666666666666663,0.75,0.41666666666666663,0.525,58.333333333333336
all_llms,religious,appropriateness,3.7702546296296298,1.4834119709499425,4.5625,0.5,5.0,210,,,,,
all_llms,religious,clarity,7.811342592592593,1.9544051768735695,7.875,1.0,10.0,210,,,,,
all_llms,religious,confidence,6.011437908496732,2.0116535706047367,5.5,1.0,10.0,213,,,,,
all_llms,religious,funniness,2.314236111111111,1.708147256933083,1.5,1.0,8.0,210,,,,,
all_llms,religious,offensiveness,2.5,2.5460129988483735,1.0,1.0,10.0,210,,,,,
all_llms,religious,originality,2.7621527777777777,1.7681384595029042,2.0,1.0,9.0,210,,,,,
all_llms,religious,performance,,,,,,210,0.06944444444444445,0.75,0.06944444444444445,0.12631578947368421,93.05555555555556
all_llms,rule-of-three_violations,appropriateness,4.531904761904762,0.5918483587705448,4.625,0.5,5.0,390,,,,,
all_llms,rule-of-three_violations,clarity,8.027142857142858,1.5517670940710646,8.0,1.0,10.0,390,,,,,
all_llms,rule-of-three_violations,confidence,6.492857142857143,1.8930439188421344,6.5,1.0,10.0,420,,,,,
all_llms,rule-of-three_violations,funniness,2.3461904761904764,1.624640476836829,1.75,1.0,8.0,390,,,,,
all_llms,rule-of-three_violations,offensiveness,1.148095238095238,0.7073110404191016,1.0,1.0,8.0,390,,,,,
all_llms,rule-of-three_violations,originality,3.6019047619047617,2.2916384631940323,2.75,1.0,9.0,390,,,,,
all_llms,rule-of-three_violations,performance,,,,,,417,0.1073529411764706,1.0,0.1073529411764706,0.1883747831116252,89.26470588235294
all_llms,science_puns,appropriateness,4.331679894179894,0.7590399832208241,4.625,0.5,5.0,429,,,,,
all_llms,science_puns,clarity,7.373544973544973,2.0309972731725887,7.75,1.0,10.0,429,,,,,
all_llms,science_puns,confidence,7.098958333333333,1.905845901086654,7.25,1.0,10.0,420,,,,,
all_llms,science_puns,funniness,3.606084656084656,2.3959933968426457,2.75,1.0,8.0,429,,,,,
all_llms,science_puns,offensiveness,1.3980820105820106,1.1284437876213127,1.0,1.0,9.0,429,,,,,
all_llms,science_puns,originality,4.246164021164021,2.452259703300493,3.625,1.0,9.0,429,,,,,
all_llms,science_puns,performance,,,,,,420,0.4461805555555555,1.0,0.4461805555555555,0.6056295399515739,55.38194444444444
all_llms,surreal,appropriateness,4.285987296726896,0.8522244947362347,4.625,0.5,5.0,7812,,,,,
all_llms,surreal,clarity,7.59195137746879,2.0284896634871945,7.75,1.0,10.0,7806,,,,,
all_llms,surreal,confidence,6.583271412589947,2.1341118955952574,6.5,1.0,10.0,7890,,,,,
all_llms,surreal,funniness,3.52212136638809,2.541690558953738,2.0,1.0,9.0,7809,,,,,
all_llms,surreal,offensiveness,1.3932043011257274,1.1163491466131237,1.0,1.0,10.0,7812,,,,,
all_llms,surreal,originality,4.364204077493795,2.8407650076977267,3.25,1.0,9.0,7812,,,,,
all_llms,surreal,performance,,,,,,7869,0.30161225453608803,1.0,0.30161225453608803,0.4545139790554861,69.83877454639119
all_llms,terminal_illness,appropriateness,3.0684630381157,1.8434993991594129,3.625,0.5,5.0,816,,,,,
all_llms,terminal_illness,clarity,7.879346701679001,1.779397336186914,8.0,1.0,10.0,816,,,,,
all_llms,terminal_illness,confidence,6.94428668786915,2.390671125386414,7.25,1.0,10.0,825,,,,,
all_llms,terminal_illness,funniness,2.9699212222487468,2.2569718948721764,1.5,1.0,8.0,816,,,,,
all_llms,terminal_illness,offensiveness,3.9867311211904193,3.4405418777834864,2.0,1.0,10.0,816,,,,,
all_llms,terminal_illness,originality,3.363133603883186,2.1234445050172965,2.5,1.0,9.0,816,,,,,
all_llms,terminal_illness,performance,,,,,,822,0.32036481182175014,1.0,0.32036481182175014,0.46563199741577405,67.96351881782499
