dataset,llm,group,attribute,min,max,q1,q2,q3,count
reddit,grok,mismatch,funniness,1.0,8.0,3.0,4.0,6.0,2014
reddit,grok,mismatch,offensiveness,1.0,10.0,1.0,2.0,7.0,2014
reddit,grok,mismatch,originality,1.0,9.0,4.0,6.0,7.0,2014
reddit,grok,mismatch,appropriateness,1.0,10.0,3.0,8.0,9.0,2014
reddit,grok,mismatch,clarity,1.0,10.0,5.0,7.0,8.0,2014
reddit,grok,mismatch,confidence,7.0,9.0,8.0,8.0,8.0,2014
reddit,grok,non_mismatch,funniness,1.0,8.0,1.0,6.0,6.0,5337
reddit,grok,non_mismatch,offensiveness,1.0,10.0,1.0,1.0,2.0,5337
reddit,grok,non_mismatch,originality,1.0,9.0,1.0,5.0,7.0,5337
reddit,grok,non_mismatch,appropriateness,1.0,10.0,8.0,9.0,10.0,5337
reddit,grok,non_mismatch,clarity,1.0,10.0,6.0,8.0,9.0,5337
reddit,grok,non_mismatch,confidence,7.0,10.0,8.0,9.0,9.0,5337
reddit,deepseek,mismatch,funniness,4.0,7.0,5.0,6.0,6.0,78
reddit,deepseek,mismatch,offensiveness,1.0,9.0,2.25,7.0,8.0,78
reddit,deepseek,mismatch,originality,3.0,8.0,4.25,5.0,7.0,78
reddit,deepseek,mismatch,appropriateness,2.0,10.0,3.0,3.0,7.25,78
reddit,deepseek,mismatch,clarity,4.0,9.0,8.0,8.0,9.0,78
reddit,deepseek,mismatch,confidence,7.0,9.0,8.0,8.0,8.0,78
reddit,deepseek,non_mismatch,funniness,3.0,8.0,6.0,7.0,7.0,2304
reddit,deepseek,non_mismatch,offensiveness,1.0,8.0,1.0,2.0,3.0,2304
reddit,deepseek,non_mismatch,originality,2.0,9.0,6.0,7.0,8.0,2304
reddit,deepseek,non_mismatch,appropriateness,2.0,10.0,6.0,9.0,10.0,2304
reddit,deepseek,non_mismatch,clarity,5.0,10.0,8.0,9.0,9.0,2304
reddit,deepseek,non_mismatch,confidence,7.0,10.0,8.0,8.0,8.0,2304
reddit,chatgpt,mismatch,funniness,2.0,7.0,3.0,4.0,4.0,13
reddit,chatgpt,mismatch,offensiveness,1.0,7.0,2.0,3.0,4.0,13
reddit,chatgpt,mismatch,originality,2.0,4.0,2.0,3.0,3.0,13
reddit,chatgpt,mismatch,appropriateness,2.0,9.0,2.0,3.0,5.0,13
reddit,chatgpt,mismatch,clarity,7.0,8.0,8.0,8.0,8.0,13
reddit,chatgpt,mismatch,confidence,2.0,8.0,7.0,7.0,8.0,13
reddit,chatgpt,non_mismatch,funniness,1.0,8.0,6.0,7.0,7.0,6366
reddit,chatgpt,non_mismatch,offensiveness,1.0,8.0,1.0,2.0,2.0,6366
reddit,chatgpt,non_mismatch,originality,1.0,9.0,5.0,6.0,6.0,6366
reddit,chatgpt,non_mismatch,appropriateness,1.0,10.0,6.0,8.0,8.0,6366
reddit,chatgpt,non_mismatch,clarity,4.0,10.0,8.0,8.0,9.0,6366
reddit,chatgpt,non_mismatch,confidence,7.0,10.0,8.0,8.0,8.0,6366
reddit,llama,mismatch,funniness,1.0,9.0,2.0,6.0,6.0,813
reddit,llama,mismatch,offensiveness,1.0,10.0,1.0,1.0,8.0,813
reddit,llama,mismatch,originality,1.0,9.0,4.0,6.0,8.0,813
reddit,llama,mismatch,appropriateness,1.0,10.0,2.0,8.0,9.0,813
reddit,llama,mismatch,clarity,1.0,10.0,7.0,8.0,8.0,813
reddit,llama,mismatch,confidence,8.0,10.0,8.0,8.0,10.0,813
reddit,llama,non_mismatch,funniness,1.0,8.0,1.0,6.0,8.0,6598
reddit,llama,non_mismatch,offensiveness,1.0,10.0,1.0,1.0,2.0,6598
reddit,llama,non_mismatch,originality,1.0,9.0,1.0,6.0,7.0,6598
reddit,llama,non_mismatch,appropriateness,1.0,10.0,8.0,9.0,10.0,6598
reddit,llama,non_mismatch,clarity,1.0,10.0,8.0,9.0,9.0,6598
reddit,llama,non_mismatch,confidence,8.0,10.0,10.0,10.0,10.0,6598
